fecha,producto_id,nombre_producto,categoria,precio_unitario,stock_inicial,unidades_vendidas,devoluciones,stock_final,reposicion_este_mes,dias_sin_stock,trafico_tienda,promocion,evento_especial,tiempo_entrega_dias,mes,anio,reponer_proximo_mes
2021-01,1,Zapatilla Soft,zapatilla,32,34,8,2,28,26,0,282,0,0,6,1,2021,0
2021-01,2,Zapatilla Air,zapatilla,98,37,6,1,32,31,0,199,0,0,5,1,2021,0
2021-01,3,Deportiva Urban,deportiva,64,57,15,1,43,42,0,120,0,1,4,1,2021,0
2021-01,4,Zapatilla Verano,zapatilla,32,18,8,2,12,10,0,86,1,0,6,1,2021,28
2021-01,5,Mocasin Soft,mocasin,79,19,15,1,5,4,0,52,0,0,4,1,2021,35
2021-01,6,Bota Urban,bota,88,23,4,1,20,19,0,210,0,1,5,1,2021,0
2021-01,7,Deportiva Retro,deportiva,98,45,22,1,24,23,0,65,0,1,2,1,2021,0
2021-01,8,Bota Clásica,bota,48,42,14,0,28,28,0,100,0,1,1,1,2021,0
2021-01,9,Deportiva Sport,deportiva,37,53,10,2,45,43,0,132,0,0,7,1,2021,0
2021-01,10,Bota Urban,bota,30,38,20,1,19,18,0,207,0,1,4,1,2021,21
2021-01,11,Deportiva Trail,deportiva,38,17,17,0,0,0,0,103,1,0,4,1,2021,40
2021-01,12,Mocasin Air,mocasin,71,43,21,0,22,22,0,222,1,0,6,1,2021,0
2021-01,13,Mocasin Trail,mocasin,83,22,16,1,7,6,0,77,1,0,6,1,2021,33
2021-01,14,Deportiva Clásica,deportiva,42,14,14,0,0,0,3,101,1,0,1,1,2021,40
2021-01,15,Zapatilla Trail,zapatilla,75,13,9,1,5,4,0,237,0,0,7,1,2021,35
2021-01,16,Zapatilla Clásica,zapatilla,86,29,10,2,21,19,0,151,0,0,1,1,2021,0
2021-01,17,Mocasin Trail,mocasin,59,57,0,2,59,57,0,89,0,0,4,1,2021,0
2021-01,18,Bota Verano,bota,88,16,16,0,0,0,1,240,1,1,3,1,2021,40
2021-01,19,Sandalia Invierno,sandalia,97,55,2,1,54,53,0,158,0,0,3,1,2021,0
2021-01,20,Bota Air,bota,62,14,6,1,9,8,0,300,1,0,1,1,2021,31
2021-01,21,Bota Dynamic,bota,38,57,21,0,36,36,0,215,1,1,3,1,2021,0
2021-01,22,Zapatilla Dynamic,zapatilla,85,25,12,2,15,13,0,114,0,0,6,1,2021,25
2021-01,23,Bota Urban,bota,52,60,26,2,36,34,0,141,1,0,5,1,2021,0
2021-01,24,Deportiva Verano,deportiva,79,20,11,0,9,9,0,152,1,0,4,1,2021,31
2021-01,25,Sandalia Urban,sandalia,73,48,1,2,49,47,0,231,0,0,6,1,2021,0
2021-01,26,Deportiva Trail,deportiva,34,47,15,2,34,32,0,75,0,1,3,1,2021,0
2021-01,27,Bota Dynamic,bota,62,10,10,1,1,0,0,232,0,1,3,1,2021,39
2021-01,28,Sandalia Urban,sandalia,99,47,23,1,25,24,0,270,1,0,3,1,2021,0
2021-01,29,Deportiva Air,deportiva,94,32,11,2,23,21,0,101,1,0,2,1,2021,0
2021-01,30,Mocasin Sport,mocasin,63,54,7,2,49,47,0,78,1,0,1,1,2021,0
2021-02,1,Zapatilla Soft,zapatilla,32,38,14,0,24,24,0,108,0,1,6,2,2021,0
2021-02,2,Zapatilla Air,zapatilla,98,25,11,1,15,14,0,101,0,0,1,2,2021,25
2021-02,3,Deportiva Urban,deportiva,64,11,7,1,5,4,0,241,1,0,3,2,2021,35
2021-02,4,Zapatilla Verano,zapatilla,32,12,3,0,9,9,0,176,0,0,6,2,2021,31
2021-02,5,Mocasin Soft,mocasin,79,52,16,0,36,36,0,112,1,0,6,2,2021,0
2021-02,6,Bota Urban,bota,88,26,5,1,22,21,0,247,0,0,1,2,2021,0
2021-02,7,Deportiva Retro,deportiva,98,56,25,1,32,31,0,54,1,0,5,2,2021,0
2021-02,8,Bota Clásica,bota,48,16,7,2,11,9,0,167,0,0,4,2,2021,29
2021-02,9,Deportiva Sport,deportiva,37,10,7,1,4,3,0,196,1,0,3,2,2021,36
2021-02,10,Bota Urban,bota,30,34,11,0,23,23,0,71,0,0,7,2,2021,0
2021-02,11,Deportiva Trail,deportiva,38,27,14,0,13,13,0,286,0,0,1,2,2021,27
2021-02,12,Mocasin Air,mocasin,71,54,8,2,48,46,0,126,0,0,1,2,2021,0
2021-02,13,Mocasin Trail,mocasin,83,37,6,2,33,31,0,299,0,0,3,2,2021,0
2021-02,14,Deportiva Clásica,deportiva,42,56,9,2,49,47,0,271,0,0,1,2,2021,0
2021-02,15,Zapatilla Trail,zapatilla,75,43,3,0,40,40,0,208,0,1,6,2,2021,0
2021-02,16,Zapatilla Clásica,zapatilla,86,54,28,0,26,26,0,174,0,0,6,2,2021,0
2021-02,17,Mocasin Trail,mocasin,59,24,21,1,4,3,0,208,1,0,2,2,2021,36
2021-02,18,Bota Verano,bota,88,55,22,1,34,33,0,215,1,0,1,2,2021,0
2021-02,19,Sandalia Invierno,sandalia,97,58,21,1,38,37,0,235,0,0,5,2,2021,0
2021-02,20,Bota Air,bota,62,32,2,0,30,30,0,66,1,0,2,2,2021,0
2021-02,21,Bota Dynamic,bota,38,32,18,1,15,14,0,212,1,1,7,2,2021,25
2021-02,22,Zapatilla Dynamic,zapatilla,85,26,20,0,6,6,0,263,0,0,7,2,2021,34
2021-02,23,Bota Urban,bota,52,15,15,2,2,0,0,67,1,0,2,2,2021,38
2021-02,24,Deportiva Verano,deportiva,79,40,20,0,20,20,0,287,0,1,7,2,2021,0
2021-02,25,Sandalia Urban,sandalia,73,34,6,2,30,28,0,191,0,0,2,2,2021,0
2021-02,26,Deportiva Trail,deportiva,34,10,5,2,7,5,0,182,0,1,4,2,2021,33
2021-02,27,Bota Dynamic,bota,62,11,11,2,2,0,0,67,1,0,4,2,2021,38
2021-02,28,Sandalia Urban,sandalia,99,22,15,1,8,7,0,300,1,0,1,2,2021,32
2021-02,29,Deportiva Air,deportiva,94,56,26,0,30,30,0,287,1,0,5,2,2021,0
2021-02,30,Mocasin Sport,mocasin,63,31,11,2,22,20,0,299,1,0,6,2,2021,0
2021-03,1,Zapatilla Soft,zapatilla,32,53,6,1,48,47,0,173,0,0,3,3,2021,0
2021-03,2,Zapatilla Air,zapatilla,98,28,14,2,16,14,0,236,0,1,2,3,2021,24
2021-03,3,Deportiva Urban,deportiva,64,22,10,1,13,12,0,135,1,0,3,3,2021,27
2021-03,4,Zapatilla Verano,zapatilla,32,11,11,0,0,0,3,225,0,0,6,3,2021,40
2021-03,5,Mocasin Soft,mocasin,79,46,7,1,40,39,0,162,1,0,5,3,2021,0
2021-03,6,Bota Urban,bota,88,33,15,2,20,18,0,236,1,0,2,3,2021,0
2021-03,7,Deportiva Retro,deportiva,98,51,14,0,37,37,0,138,1,0,2,3,2021,0
2021-03,8,Bota Clásica,bota,48,30,13,1,18,17,0,295,1,0,7,3,2021,22
2021-03,9,Deportiva Sport,deportiva,37,40,4,0,36,36,0,148,0,0,7,3,2021,0
2021-03,10,Bota Urban,bota,30,60,23,1,38,37,0,186,0,0,7,3,2021,0
2021-03,11,Deportiva Trail,deportiva,38,54,5,0,49,49,0,112,0,0,6,3,2021,0
2021-03,12,Mocasin Air,mocasin,71,55,20,2,37,35,0,186,1,0,2,3,2021,0
2021-03,13,Mocasin Trail,mocasin,83,14,11,2,5,3,0,92,0,0,1,3,2021,35
2021-03,14,Deportiva Clásica,deportiva,42,26,14,0,12,12,0,208,1,0,3,3,2021,28
2021-03,15,Zapatilla Trail,zapatilla,75,34,10,0,24,24,0,76,0,0,6,3,2021,0
2021-03,16,Zapatilla Clásica,zapatilla,86,59,10,1,50,49,0,289,0,0,2,3,2021,0
2021-03,17,Mocasin Trail,mocasin,59,53,21,2,34,32,0,283,0,0,4,3,2021,0
2021-03,18,Bota Verano,bota,88,52,18,0,34,34,0,188,0,0,7,3,2021,0
2021-03,19,Sandalia Invierno,sandalia,97,52,12,2,42,40,0,248,0,1,6,3,2021,0
2021-03,20,Bota Air,bota,62,10,6,0,4,4,0,287,1,0,2,3,2021,36
2021-03,21,Bota Dynamic,bota,38,46,17,1,30,29,0,158,0,0,2,3,2021,0
2021-03,22,Zapatilla Dynamic,zapatilla,85,41,21,1,21,20,0,297,1,1,7,3,2021,0
2021-03,23,Bota Urban,bota,52,25,16,1,10,9,0,97,0,1,4,3,2021,30
2021-03,24,Deportiva Verano,deportiva,79,23,21,2,4,2,0,82,1,0,2,3,2021,36
2021-03,25,Sandalia Urban,sandalia,73,30,10,0,20,20,0,166,0,1,3,3,2021,0
2021-03,26,Deportiva Trail,deportiva,34,10,10,0,0,0,1,257,1,0,7,3,2021,40
2021-03,27,Bota Dynamic,bota,62,60,5,0,55,55,0,284,0,0,3,3,2021,0
2021-03,28,Sandalia Urban,sandalia,99,59,6,2,55,53,0,127,0,1,5,3,2021,0
2021-03,29,Deportiva Air,deportiva,94,47,13,0,34,34,0,71,0,0,2,3,2021,0
2021-03,30,Mocasin Sport,mocasin,63,13,13,1,1,0,0,300,1,0,2,3,2021,39
2021-04,1,Zapatilla Soft,zapatilla,32,43,13,1,31,30,0,84,0,0,7,4,2021,0
2021-04,2,Zapatilla Air,zapatilla,98,39,21,0,18,18,0,210,0,0,3,4,2021,22
2021-04,3,Deportiva Urban,deportiva,64,55,3,0,52,52,0,223,0,0,6,4,2021,0
2021-04,4,Zapatilla Verano,zapatilla,32,41,22,1,20,19,0,100,1,0,2,4,2021,0
2021-04,5,Mocasin Soft,mocasin,79,57,9,0,48,48,0,283,0,0,6,4,2021,0
2021-04,6,Bota Urban,bota,88,35,8,0,27,27,0,256,1,0,3,4,2021,0
2021-04,7,Deportiva Retro,deportiva,98,33,3,1,31,30,0,228,0,1,5,4,2021,0
2021-04,8,Bota Clásica,bota,48,22,5,1,18,17,0,295,1,0,7,4,2021,22
2021-04,9,Deportiva Sport,deportiva,37,44,16,0,28,28,0,133,1,0,6,4,2021,0
2021-04,10,Bota Urban,bota,30,11,2,0,9,9,0,174,1,0,1,4,2021,31
2021-04,11,Deportiva Trail,deportiva,38,23,18,0,5,5,0,118,1,0,1,4,2021,35
2021-04,12,Mocasin Air,mocasin,71,48,13,1,36,35,0,182,1,0,6,4,2021,0
2021-04,13,Mocasin Trail,mocasin,83,59,27,1,33,32,0,131,1,0,7,4,2021,0
2021-04,14,Deportiva Clásica,deportiva,42,54,24,2,32,30,0,97,0,0,2,4,2021,0
2021-04,15,Zapatilla Trail,zapatilla,75,47,21,2,28,26,0,163,1,0,7,4,2021,0
2021-04,16,Zapatilla Clásica,zapatilla,86,57,12,0,45,45,0,245,0,1,4,4,2021,0
2021-04,17,Mocasin Trail,mocasin,59,48,9,2,41,39,0,153,0,0,2,4,2021,0
2021-04,18,Bota Verano,bota,88,39,15,0,24,24,0,199,1,0,6,4,2021,0
2021-04,19,Sandalia Invierno,sandalia,97,56,2,0,54,54,0,121,0,0,3,4,2021,0
2021-04,20,Bota Air,bota,62,59,20,0,39,39,0,153,1,0,5,4,2021,0
2021-04,21,Bota Dynamic,bota,38,29,14,0,15,15,0,212,1,0,1,4,2021,25
2021-04,22,Zapatilla Dynamic,zapatilla,85,53,8,0,45,45,0,186,0,0,1,4,2021,0
2021-04,23,Bota Urban,bota,52,54,8,2,48,46,0,122,1,0,2,4,2021,0
2021-04,24,Deportiva Verano,deportiva,79,36,5,0,31,31,0,56,0,0,7,4,2021,0
2021-04,25,Sandalia Urban,sandalia,73,25,1,1,25,24,0,265,0,0,6,4,2021,0
2021-04,26,Deportiva Trail,deportiva,34,45,8,1,38,37,0,220,0,0,7,4,2021,0
2021-04,27,Bota Dynamic,bota,62,50,26,1,25,24,0,119,0,0,4,4,2021,0
2021-04,28,Sandalia Urban,sandalia,99,49,35,0,14,14,0,52,0,1,4,4,2021,26
2021-04,29,Deportiva Air,deportiva,94,25,25,0,0,0,4,103,0,1,3,4,2021,40
2021-04,30,Mocasin Sport,mocasin,63,32,10,2,24,22,0,104,1,0,4,4,2021,0
2021-05,1,Zapatilla Soft,zapatilla,32,21,17,1,5,4,0,231,0,0,7,5,2021,35
2021-05,2,Zapatilla Air,zapatilla,98,47,11,1,37,36,0,241,1,0,6,5,2021,0
2021-05,3,Deportiva Urban,deportiva,64,43,8,2,37,35,0,166,1,0,4,5,2021,0
2021-05,4,Zapatilla Verano,zapatilla,32,19,19,1,1,0,0,69,1,0,7,5,2021,39
2021-05,5,Mocasin Soft,mocasin,79,60,15,1,46,45,0,129,0,1,5,5,2021,0
2021-05,6,Bota Urban,bota,88,29,11,0,18,18,0,87,0,0,5,5,2021,22
2021-05,7,Deportiva Retro,deportiva,98,10,10,1,1,0,0,179,0,0,4,5,2021,39
2021-05,8,Bota Clásica,bota,48,28,5,1,24,23,0,153,1,0,2,5,2021,0
2021-05,9,Deportiva Sport,deportiva,37,42,13,2,31,29,0,57,0,0,7,5,2021,0
2021-05,10,Bota Urban,bota,30,55,11,2,46,44,0,226,0,1,7,5,2021,0
2021-05,11,Deportiva Trail,deportiva,38,30,8,0,22,22,0,102,0,1,7,5,2021,0
2021-05,12,Mocasin Air,mocasin,71,31,9,1,23,22,0,175,1,0,6,5,2021,0
2021-05,13,Mocasin Trail,mocasin,83,28,13,2,17,15,0,236,1,0,3,5,2021,23
2021-05,14,Deportiva Clásica,deportiva,42,45,19,1,27,26,0,62,1,1,7,5,2021,0
2021-05,15,Zapatilla Trail,zapatilla,75,37,13,1,25,24,0,202,0,0,4,5,2021,0
2021-05,16,Zapatilla Clásica,zapatilla,86,43,17,0,26,26,0,104,1,0,7,5,2021,0
2021-05,17,Mocasin Trail,mocasin,59,18,7,1,12,11,0,237,0,0,6,5,2021,28
2021-05,18,Bota Verano,bota,88,42,13,2,31,29,0,56,0,0,3,5,2021,0
2021-05,19,Sandalia Invierno,sandalia,97,22,17,0,5,5,0,212,1,0,3,5,2021,35
2021-05,20,Bota Air,bota,62,17,17,0,0,0,4,173,0,1,3,5,2021,40
2021-05,21,Bota Dynamic,bota,38,47,13,1,35,34,0,184,0,0,2,5,2021,0
2021-05,22,Zapatilla Dynamic,zapatilla,85,19,9,1,11,10,0,249,1,0,5,5,2021,29
2021-05,23,Bota Urban,bota,52,51,13,2,40,38,0,136,1,0,4,5,2021,0
2021-05,24,Deportiva Verano,deportiva,79,26,6,0,20,20,0,151,0,0,4,5,2021,0
2021-05,25,Sandalia Urban,sandalia,73,18,6,0,12,12,0,237,1,1,3,5,2021,28
2021-05,26,Deportiva Trail,deportiva,34,19,19,0,0,0,5,53,0,0,6,5,2021,40
2021-05,27,Bota Dynamic,bota,62,41,6,1,36,35,0,57,0,0,6,5,2021,0
2021-05,28,Sandalia Urban,sandalia,99,52,7,1,46,45,0,83,1,0,4,5,2021,0
2021-05,29,Deportiva Air,deportiva,94,51,25,2,28,26,0,103,0,1,6,5,2021,0
2021-05,30,Mocasin Sport,mocasin,63,52,15,2,39,37,0,243,1,1,4,5,2021,0
2021-06,1,Zapatilla Soft,zapatilla,32,20,4,0,16,16,0,130,0,0,6,6,2021,24
2021-06,2,Zapatilla Air,zapatilla,98,33,16,1,18,17,0,220,0,1,2,6,2021,22
2021-06,3,Deportiva Urban,deportiva,64,34,17,0,17,17,0,258,1,0,2,6,2021,23
2021-06,4,Zapatilla Verano,zapatilla,32,53,10,1,44,43,0,157,0,0,5,6,2021,0
2021-06,5,Mocasin Soft,mocasin,79,14,14,2,2,0,0,231,1,0,2,6,2021,38
2021-06,6,Bota Urban,bota,88,38,26,0,12,12,0,300,1,0,5,6,2021,28
2021-06,7,Deportiva Retro,deportiva,98,56,5,0,51,51,0,189,0,0,7,6,2021,0
2021-06,8,Bota Clásica,bota,48,55,15,2,42,40,0,288,0,0,5,6,2021,0
2021-06,9,Deportiva Sport,deportiva,37,32,20,2,14,12,0,260,1,0,1,6,2021,26
2021-06,10,Bota Urban,bota,30,11,11,1,1,0,0,68,0,0,4,6,2021,39
2021-06,11,Deportiva Trail,deportiva,38,36,10,0,26,26,0,106,1,0,4,6,2021,0
2021-06,12,Mocasin Air,mocasin,71,19,4,0,15,15,0,59,1,0,5,6,2021,25
2021-06,13,Mocasin Trail,mocasin,83,10,2,2,10,8,0,119,0,0,1,6,2021,30
2021-06,14,Deportiva Clásica,deportiva,42,28,3,2,27,25,0,211,0,0,5,6,2021,0
2021-06,15,Zapatilla Trail,zapatilla,75,23,10,1,14,13,0,66,0,0,1,6,2021,26
2021-06,16,Zapatilla Clásica,zapatilla,86,44,18,1,27,26,0,249,1,0,2,6,2021,0
2021-06,17,Mocasin Trail,mocasin,59,37,18,1,20,19,0,188,0,0,4,6,2021,0
2021-06,18,Bota Verano,bota,88,53,8,2,47,45,0,122,1,0,6,6,2021,0
2021-06,19,Sandalia Invierno,sandalia,97,57,20,1,38,37,0,250,0,1,6,6,2021,0
2021-06,20,Bota Air,bota,62,44,14,1,31,30,0,192,0,0,6,6,2021,0
2021-06,21,Bota Dynamic,bota,38,16,14,1,3,2,0,192,1,0,7,6,2021,37
2021-06,22,Zapatilla Dynamic,zapatilla,85,57,19,0,38,38,0,173,1,1,5,6,2021,0
2021-06,23,Bota Urban,bota,52,48,19,1,30,29,0,216,0,0,5,6,2021,0
2021-06,24,Deportiva Verano,deportiva,79,32,8,2,26,24,0,162,0,0,4,6,2021,0
2021-06,25,Sandalia Urban,sandalia,73,57,10,0,47,47,0,182,1,0,1,6,2021,0
2021-06,26,Deportiva Trail,deportiva,34,16,16,0,0,0,4,106,1,0,1,6,2021,40
2021-06,27,Bota Dynamic,bota,62,15,12,0,3,3,0,179,0,0,3,6,2021,37
2021-06,28,Sandalia Urban,sandalia,99,53,14,0,39,39,0,199,0,0,2,6,2021,0
2021-06,29,Deportiva Air,deportiva,94,43,11,1,33,32,0,232,0,0,3,6,2021,0
2021-06,30,Mocasin Sport,mocasin,63,42,12,2,32,30,0,68,1,0,7,6,2021,0
2021-07,1,Zapatilla Soft,zapatilla,32,39,5,2,36,34,0,298,0,0,2,7,2021,0
2021-07,2,Zapatilla Air,zapatilla,98,51,2,1,50,49,0,271,0,0,5,7,2021,0
2021-07,3,Deportiva Urban,deportiva,64,51,13,1,39,38,0,88,1,0,4,7,2021,0
2021-07,4,Zapatilla Verano,zapatilla,32,54,9,0,45,45,0,199,1,0,7,7,2021,0
2021-07,5,Mocasin Soft,mocasin,79,37,19,0,18,18,0,199,1,1,4,7,2021,22
2021-07,6,Bota Urban,bota,88,55,10,1,46,45,0,78,0,0,2,7,2021,0
2021-07,7,Deportiva Retro,deportiva,98,37,7,2,32,30,0,196,0,0,6,7,2021,0
2021-07,8,Bota Clásica,bota,48,55,17,1,39,38,0,56,0,1,6,7,2021,0
2021-07,9,Deportiva Sport,deportiva,37,15,15,1,1,0,0,256,1,0,7,7,2021,39
2021-07,10,Bota Urban,bota,30,35,11,2,26,24,0,191,0,0,6,7,2021,0
2021-07,11,Deportiva Trail,deportiva,38,18,9,2,11,9,0,297,1,0,1,7,2021,29
2021-07,12,Mocasin Air,mocasin,71,55,17,2,40,38,0,59,1,0,5,7,2021,0
2021-07,13,Mocasin Trail,mocasin,83,13,13,1,1,0,0,235,0,1,2,7,2021,39
2021-07,14,Deportiva Clásica,deportiva,42,24,19,1,6,5,0,162,1,0,7,7,2021,34
2021-07,15,Zapatilla Trail,zapatilla,75,34,13,2,23,21,0,250,0,1,7,7,2021,0
2021-07,16,Zapatilla Clásica,zapatilla,86,39,11,0,28,28,0,93,0,0,4,7,2021,0
2021-07,17,Mocasin Trail,mocasin,59,39,7,0,32,32,0,145,1,0,4,7,2021,0
2021-07,18,Bota Verano,bota,88,26,13,0,13,13,0,108,0,1,3,7,2021,27
2021-07,19,Sandalia Invierno,sandalia,97,21,9,2,14,12,0,203,0,1,2,7,2021,26
2021-07,20,Bota Air,bota,62,18,15,1,4,3,0,181,1,0,6,7,2021,36
2021-07,21,Bota Dynamic,bota,38,51,7,2,46,44,0,66,0,0,4,7,2021,0
2021-07,22,Zapatilla Dynamic,zapatilla,85,25,22,0,3,3,0,268,1,1,7,7,2021,37
2021-07,23,Bota Urban,bota,52,31,6,2,27,25,0,276,0,0,7,7,2021,0
2021-07,24,Deportiva Verano,deportiva,79,48,4,0,44,44,0,128,1,0,2,7,2021,0
2021-07,25,Sandalia Urban,sandalia,73,45,14,0,31,31,0,157,0,0,3,7,2021,0
2021-07,26,Deportiva Trail,deportiva,34,39,11,2,30,28,0,249,1,0,7,7,2021,0
2021-07,27,Bota Dynamic,bota,62,21,18,1,4,3,0,115,0,1,5,7,2021,36
2021-07,28,Sandalia Urban,sandalia,99,56,11,0,45,45,0,125,1,0,3,7,2021,0
2021-07,29,Deportiva Air,deportiva,94,58,17,1,42,41,0,96,1,0,1,7,2021,0
2021-07,30,Mocasin Sport,mocasin,63,54,19,1,36,35,0,174,1,0,7,7,2021,0
2021-08,1,Zapatilla Soft,zapatilla,32,28,6,1,23,22,0,272,1,0,4,8,2021,0
2021-08,2,Zapatilla Air,zapatilla,98,19,12,2,9,7,0,172,0,0,5,8,2021,31
2021-08,3,Deportiva Urban,deportiva,64,35,9,0,26,26,0,119,0,0,3,8,2021,0
2021-08,4,Zapatilla Verano,zapatilla,32,58,19,2,41,39,0,244,1,1,4,8,2021,0
2021-08,5,Mocasin Soft,mocasin,79,49,11,1,39,38,0,123,0,1,5,8,2021,0
2021-08,6,Bota Urban,bota,88,50,26,1,25,24,0,229,0,1,5,8,2021,0
2021-08,7,Deportiva Retro,deportiva,98,11,11,1,1,0,0,243,0,0,7,8,2021,39
2021-08,8,Bota Clásica,bota,48,27,23,2,6,4,0,289,0,1,3,8,2021,34
2021-08,9,Deportiva Sport,deportiva,37,56,6,0,50,50,0,54,1,0,1,8,2021,0
2021-08,10,Bota Urban,bota,30,25,16,2,11,9,0,211,1,0,7,8,2021,29
2021-08,11,Deportiva Trail,deportiva,38,34,22,1,13,12,0,58,1,0,4,8,2021,27
2021-08,12,Mocasin Air,mocasin,71,56,14,1,43,42,0,155,0,0,6,8,2021,0
2021-08,13,Mocasin Trail,mocasin,83,41,10,2,33,31,0,188,1,0,1,8,2021,0
2021-08,14,Deportiva Clásica,deportiva,42,36,17,2,21,19,0,198,0,1,1,8,2021,0
2021-08,15,Zapatilla Trail,zapatilla,75,14,10,2,6,4,0,234,0,0,2,8,2021,34
2021-08,16,Zapatilla Clásica,zapatilla,86,28,15,0,13,13,0,250,1,0,2,8,2021,27
2021-08,17,Mocasin Trail,mocasin,59,42,17,2,27,25,0,289,0,1,3,8,2021,0
2021-08,18,Bota Verano,bota,88,27,10,1,18,17,0,170,1,1,2,8,2021,22
2021-08,19,Sandalia Invierno,sandalia,97,46,31,0,15,15,0,140,1,0,2,8,2021,25
2021-08,20,Bota Air,bota,62,47,9,1,39,38,0,261,1,0,3,8,2021,0
2021-08,21,Bota Dynamic,bota,38,31,8,2,25,23,0,53,1,0,2,8,2021,0
2021-08,22,Zapatilla Dynamic,zapatilla,85,19,10,0,9,9,0,126,0,0,2,8,2021,31
2021-08,23,Bota Urban,bota,52,53,21,0,32,32,0,208,0,0,1,8,2021,0
2021-08,24,Deportiva Verano,deportiva,79,34,6,1,29,28,0,183,0,0,3,8,2021,0
2021-08,25,Sandalia Urban,sandalia,73,30,13,1,18,17,0,194,1,0,7,8,2021,22
2021-08,26,Deportiva Trail,deportiva,34,15,15,0,0,0,1,84,1,1,4,8,2021,40
2021-08,27,Bota Dynamic,bota,62,60,9,2,53,51,0,294,1,0,1,8,2021,0
2021-08,28,Sandalia Urban,sandalia,99,49,6,1,44,43,0,105,1,0,7,8,2021,0
2021-08,29,Deportiva Air,deportiva,94,50,5,0,45,45,0,188,1,0,6,8,2021,0
2021-08,30,Mocasin Sport,mocasin,63,44,29,1,16,15,0,255,1,0,1,8,2021,24
2021-09,1,Zapatilla Soft,zapatilla,32,54,17,2,39,37,0,190,0,0,6,9,2021,0
2021-09,2,Zapatilla Air,zapatilla,98,57,11,0,46,46,0,97,1,0,4,9,2021,0
2021-09,3,Deportiva Urban,deportiva,64,31,22,0,9,9,0,191,1,0,5,9,2021,31
2021-09,4,Zapatilla Verano,zapatilla,32,58,8,0,50,50,0,211,0,0,7,9,2021,0
2021-09,5,Mocasin Soft,mocasin,79,27,15,0,12,12,0,93,1,0,7,9,2021,28
2021-09,6,Bota Urban,bota,88,15,14,0,1,1,0,117,1,0,2,9,2021,39
2021-09,7,Deportiva Retro,deportiva,98,59,11,2,50,48,0,87,0,0,6,9,2021,0
2021-09,8,Bota Clásica,bota,48,47,16,1,32,31,0,242,0,0,3,9,2021,0
2021-09,9,Deportiva Sport,deportiva,37,27,18,0,9,9,0,171,1,1,2,9,2021,31
2021-09,10,Bota Urban,bota,30,56,18,0,38,38,0,122,0,0,7,9,2021,0
2021-09,11,Deportiva Trail,deportiva,38,54,10,1,45,44,0,206,1,0,7,9,2021,0
2021-09,12,Mocasin Air,mocasin,71,28,28,2,2,0,0,268,1,0,6,9,2021,38
2021-09,13,Mocasin Trail,mocasin,83,10,3,2,9,7,0,258,0,1,2,9,2021,31
2021-09,14,Deportiva Clásica,deportiva,42,47,6,2,43,41,0,257,1,0,1,9,2021,0
2021-09,15,Zapatilla Trail,zapatilla,75,39,12,2,29,27,0,250,1,0,7,9,2021,0
2021-09,16,Zapatilla Clásica,zapatilla,86,36,6,2,32,30,0,153,1,0,6,9,2021,0
2021-09,17,Mocasin Trail,mocasin,59,45,8,0,37,37,0,50,1,0,5,9,2021,0
2021-09,18,Bota Verano,bota,88,12,12,0,0,0,4,296,1,0,1,9,2021,40
2021-09,19,Sandalia Invierno,sandalia,97,32,11,0,21,21,0,250,0,0,4,9,2021,0
2021-09,20,Bota Air,bota,62,39,5,1,35,34,0,243,0,0,5,9,2021,0
2021-09,21,Bota Dynamic,bota,38,31,14,1,18,17,0,153,0,0,2,9,2021,22
2021-09,22,Zapatilla Dynamic,zapatilla,85,39,11,1,29,28,0,97,0,0,2,9,2021,0
2021-09,23,Bota Urban,bota,52,53,8,0,45,45,0,168,1,0,5,9,2021,0
2021-09,24,Deportiva Verano,deportiva,79,38,8,2,32,30,0,229,0,0,7,9,2021,0
2021-09,25,Sandalia Urban,sandalia,73,39,21,2,20,18,0,177,1,0,2,9,2021,0
2021-09,26,Deportiva Trail,deportiva,34,47,5,2,44,42,0,246,0,0,6,9,2021,0
2021-09,27,Bota Dynamic,bota,62,31,25,0,6,6,0,286,1,1,1,9,2021,34
2021-09,28,Sandalia Urban,sandalia,99,17,7,1,11,10,0,269,1,0,4,9,2021,29
2021-09,29,Deportiva Air,deportiva,94,19,16,1,4,3,0,170,1,0,1,9,2021,36
2021-09,30,Mocasin Sport,mocasin,63,29,15,2,16,14,0,178,1,0,4,9,2021,24
2021-10,1,Zapatilla Soft,zapatilla,32,10,10,1,1,0,0,59,1,0,4,10,2021,39
2021-10,2,Zapatilla Air,zapatilla,98,12,12,0,0,0,4,66,0,0,5,10,2021,40
2021-10,3,Deportiva Urban,deportiva,64,28,9,0,19,19,0,183,1,0,5,10,2021,21
2021-10,4,Zapatilla Verano,zapatilla,32,35,21,0,14,14,0,292,1,1,2,10,2021,26
2021-10,5,Mocasin Soft,mocasin,79,28,21,2,9,7,0,88,1,0,5,10,2021,31
2021-10,6,Bota Urban,bota,88,56,11,0,45,45,0,214,0,0,1,10,2021,0
2021-10,7,Deportiva Retro,deportiva,98,42,22,0,20,20,0,201,0,0,5,10,2021,0
2021-10,8,Bota Clásica,bota,48,59,11,1,49,48,0,69,0,1,1,10,2021,0
2021-10,9,Deportiva Sport,deportiva,37,52,10,0,42,42,0,145,1,0,7,10,2021,0
2021-10,10,Bota Urban,bota,30,35,7,2,30,28,0,113,1,0,4,10,2021,0
2021-10,11,Deportiva Trail,deportiva,38,31,31,1,1,0,0,129,1,0,1,10,2021,39
2021-10,12,Mocasin Air,mocasin,71,17,17,2,2,0,0,113,1,0,5,10,2021,38
2021-10,13,Mocasin Trail,mocasin,83,23,10,2,15,13,0,74,0,0,1,10,2021,25
2021-10,14,Deportiva Clásica,deportiva,42,26,9,0,17,17,0,173,0,0,5,10,2021,23
2021-10,15,Zapatilla Trail,zapatilla,75,42,17,0,25,25,0,207,1,0,1,10,2021,0
2021-10,16,Zapatilla Clásica,zapatilla,86,50,8,2,44,42,0,212,1,0,6,10,2021,0
2021-10,17,Mocasin Trail,mocasin,59,20,20,2,2,0,0,247,1,0,3,10,2021,38
2021-10,18,Bota Verano,bota,88,20,20,1,1,0,0,229,1,1,7,10,2021,39
2021-10,19,Sandalia Invierno,sandalia,97,35,14,0,21,21,0,237,0,0,2,10,2021,0
2021-10,20,Bota Air,bota,62,34,23,1,12,11,0,118,1,1,1,10,2021,28
2021-10,21,Bota Dynamic,bota,38,23,20,0,3,3,0,74,1,0,4,10,2021,37
2021-10,22,Zapatilla Dynamic,zapatilla,85,30,18,2,14,12,0,109,1,0,4,10,2021,26
2021-10,23,Bota Urban,bota,52,50,12,2,40,38,0,97,0,0,5,10,2021,0
2021-10,24,Deportiva Verano,deportiva,79,60,16,0,44,44,0,150,0,0,2,10,2021,0
2021-10,25,Sandalia Urban,sandalia,73,19,19,2,2,0,0,281,1,0,3,10,2021,38
2021-10,26,Deportiva Trail,deportiva,34,58,16,2,44,42,0,131,1,1,2,10,2021,0
2021-10,27,Bota Dynamic,bota,62,12,12,1,1,0,0,238,0,0,7,10,2021,39
2021-10,28,Sandalia Urban,sandalia,99,33,4,1,30,29,0,145,0,0,7,10,2021,0
2021-10,29,Deportiva Air,deportiva,94,48,10,2,40,38,0,251,0,1,5,10,2021,0
2021-10,30,Mocasin Sport,mocasin,63,12,12,0,0,0,0,96,0,1,6,10,2021,40
2021-11,1,Zapatilla Soft,zapatilla,32,58,11,1,48,47,0,294,1,0,1,11,2021,0
2021-11,2,Zapatilla Air,zapatilla,98,38,28,0,10,10,0,181,1,1,2,11,2021,30
2021-11,3,Deportiva Urban,deportiva,64,44,6,1,39,38,0,254,0,0,3,11,2021,0
2021-11,4,Zapatilla Verano,zapatilla,32,25,3,0,22,22,0,186,0,0,5,11,2021,0
2021-11,5,Mocasin Soft,mocasin,79,54,8,1,47,46,0,88,0,0,6,11,2021,0
2021-11,6,Bota Urban,bota,88,18,18,1,1,0,0,207,0,0,7,11,2021,39
2021-11,7,Deportiva Retro,deportiva,98,46,9,1,38,37,0,135,0,0,7,11,2021,0
2021-11,8,Bota Clásica,bota,48,11,11,1,1,0,0,115,0,0,6,11,2021,39
2021-11,9,Deportiva Sport,deportiva,37,55,2,1,54,53,0,68,0,0,3,11,2021,0
2021-11,10,Bota Urban,bota,30,39,17,0,22,22,0,290,0,1,2,11,2021,0
2021-11,11,Deportiva Trail,deportiva,38,55,9,2,48,46,0,61,0,0,2,11,2021,0
2021-11,12,Mocasin Air,mocasin,71,60,18,2,44,42,0,161,0,0,7,11,2021,0
2021-11,13,Mocasin Trail,mocasin,83,10,7,0,3,3,0,171,0,0,2,11,2021,37
2021-11,14,Deportiva Clásica,deportiva,42,45,11,1,35,34,0,244,0,0,4,11,2021,0
2021-11,15,Zapatilla Trail,zapatilla,75,42,14,0,28,28,0,261,0,0,7,11,2021,0
2021-11,16,Zapatilla Clásica,zapatilla,86,36,4,0,32,32,0,134,0,0,2,11,2021,0
2021-11,17,Mocasin Trail,mocasin,59,58,15,1,44,43,0,68,0,0,4,11,2021,0
2021-11,18,Bota Verano,bota,88,11,11,1,1,0,0,204,1,0,5,11,2021,39
2021-11,19,Sandalia Invierno,sandalia,97,29,16,2,15,13,0,219,1,0,5,11,2021,25
2021-11,20,Bota Air,bota,62,43,14,2,31,29,0,299,1,0,5,11,2021,0
2021-11,21,Bota Dynamic,bota,38,41,9,0,32,32,0,188,1,0,5,11,2021,0
2021-11,22,Zapatilla Dynamic,zapatilla,85,41,16,0,25,25,0,108,0,1,2,11,2021,0
2021-11,23,Bota Urban,bota,52,23,11,2,14,12,0,236,1,1,6,11,2021,26
2021-11,24,Deportiva Verano,deportiva,79,24,14,1,11,10,0,252,1,0,2,11,2021,29
2021-11,25,Sandalia Urban,sandalia,73,54,26,1,29,28,0,292,1,0,7,11,2021,0
2021-11,26,Deportiva Trail,deportiva,34,36,6,1,31,30,0,256,0,1,2,11,2021,0
2021-11,27,Bota Dynamic,bota,62,26,11,1,16,15,0,156,0,0,1,11,2021,24
2021-11,28,Sandalia Urban,sandalia,99,32,14,0,18,18,0,67,1,0,5,11,2021,22
2021-11,29,Deportiva Air,deportiva,94,52,22,2,32,30,0,147,1,1,3,11,2021,0
2021-11,30,Mocasin Sport,mocasin,63,32,11,1,22,21,0,126,0,1,2,11,2021,0
2021-12,1,Zapatilla Soft,zapatilla,32,42,12,0,30,30,0,55,1,0,5,12,2021,0
2021-12,2,Zapatilla Air,zapatilla,98,31,4,2,29,27,0,289,0,0,6,12,2021,0
2021-12,3,Deportiva Urban,deportiva,64,45,11,2,36,34,0,277,0,0,2,12,2021,0
2021-12,4,Zapatilla Verano,zapatilla,32,29,14,1,16,15,0,196,1,0,3,12,2021,24
2021-12,5,Mocasin Soft,mocasin,79,58,13,1,46,45,0,105,0,0,1,12,2021,0
2021-12,6,Bota Urban,bota,88,39,13,1,27,26,0,71,0,1,2,12,2021,0
2021-12,7,Deportiva Retro,deportiva,98,20,20,2,2,0,0,225,1,1,7,12,2021,38
2021-12,8,Bota Clásica,bota,48,38,24,1,15,14,0,258,1,0,6,12,2021,25
2021-12,9,Deportiva Sport,deportiva,37,55,9,0,46,46,0,155,1,0,2,12,2021,0
2021-12,10,Bota Urban,bota,30,15,15,1,1,0,0,66,1,0,7,12,2021,39
2021-12,11,Deportiva Trail,deportiva,38,36,18,2,20,18,0,258,0,1,2,12,2021,0
2021-12,12,Mocasin Air,mocasin,71,56,15,1,42,41,0,211,0,1,2,12,2021,0
2021-12,13,Mocasin Trail,mocasin,83,55,8,0,47,47,0,85,1,0,1,12,2021,0
2021-12,14,Deportiva Clásica,deportiva,42,21,11,1,11,10,0,127,1,0,1,12,2021,29
2021-12,15,Zapatilla Trail,zapatilla,75,19,6,2,15,13,0,88,1,0,7,12,2021,25
2021-12,16,Zapatilla Clásica,zapatilla,86,28,16,2,14,12,0,245,1,0,7,12,2021,26
2021-12,17,Mocasin Trail,mocasin,59,32,18,1,15,14,0,129,1,0,3,12,2021,25
2021-12,18,Bota Verano,bota,88,35,10,1,26,25,0,225,0,0,3,12,2021,0
2021-12,19,Sandalia Invierno,sandalia,97,25,14,2,13,11,0,207,1,0,5,12,2021,27
2021-12,20,Bota Air,bota,62,52,11,1,42,41,0,128,0,1,3,12,2021,0
2021-12,21,Bota Dynamic,bota,38,34,8,0,26,26,0,217,0,1,1,12,2021,0
2021-12,22,Zapatilla Dynamic,zapatilla,85,35,12,1,24,23,0,79,1,1,7,12,2021,0
2021-12,23,Bota Urban,bota,52,55,14,1,42,41,0,197,0,0,1,12,2021,0
2021-12,24,Deportiva Verano,deportiva,79,19,6,2,15,13,0,82,1,0,1,12,2021,25
2021-12,25,Sandalia Urban,sandalia,73,17,15,0,2,2,0,262,0,0,6,12,2021,38
2021-12,26,Deportiva Trail,deportiva,34,28,28,0,0,0,2,237,1,1,4,12,2021,40
2021-12,27,Bota Dynamic,bota,62,36,10,0,26,26,0,93,0,0,4,12,2021,0
2021-12,28,Sandalia Urban,sandalia,99,48,24,0,24,24,0,282,1,1,4,12,2021,0
2021-12,29,Deportiva Air,deportiva,94,13,13,2,2,0,0,196,1,0,2,12,2021,38
2021-12,30,Mocasin Sport,mocasin,63,50,7,0,43,43,0,156,0,0,7,12,2021,0
2022-01,1,Zapatilla Soft,zapatilla,32,55,12,2,45,43,0,249,0,0,4,1,2022,0
2022-01,2,Zapatilla Air,zapatilla,98,28,17,1,12,11,0,237,1,1,2,1,2022,28
2022-01,3,Deportiva Urban,deportiva,64,15,15,0,0,0,3,254,0,0,7,1,2022,40
2022-01,4,Zapatilla Verano,zapatilla,32,33,27,1,7,6,0,151,1,1,4,1,2022,33
2022-01,5,Mocasin Soft,mocasin,79,45,19,2,28,26,0,202,1,0,1,1,2022,0
2022-01,6,Bota Urban,bota,88,37,8,0,29,29,0,130,0,1,1,1,2022,0
2022-01,7,Deportiva Retro,deportiva,98,45,13,2,34,32,0,61,0,0,5,1,2022,0
2022-01,8,Bota Clásica,bota,48,21,9,0,12,12,0,237,1,0,1,1,2022,28
2022-01,9,Deportiva Sport,deportiva,37,44,28,1,17,16,0,222,0,1,2,1,2022,23
2022-01,10,Bota Urban,bota,30,29,27,0,2,2,0,203,1,0,2,1,2022,38
2022-01,11,Deportiva Trail,deportiva,38,42,16,1,27,26,0,229,1,1,6,1,2022,0
2022-01,12,Mocasin Air,mocasin,71,48,10,0,38,38,0,220,1,0,7,1,2022,0
2022-01,13,Mocasin Trail,mocasin,83,51,25,1,27,26,0,283,1,0,5,1,2022,0
2022-01,14,Deportiva Clásica,deportiva,42,39,15,2,26,24,0,290,1,0,3,1,2022,0
2022-01,15,Zapatilla Trail,zapatilla,75,13,13,0,0,0,4,125,1,1,7,1,2022,40
2022-01,16,Zapatilla Clásica,zapatilla,86,48,16,1,33,32,0,70,0,0,7,1,2022,0
2022-01,17,Mocasin Trail,mocasin,59,58,8,2,52,50,0,127,0,0,7,1,2022,0
2022-01,18,Bota Verano,bota,88,33,20,1,14,13,0,212,0,1,1,1,2022,26
2022-01,19,Sandalia Invierno,sandalia,97,52,18,1,35,34,0,52,1,0,1,1,2022,0
2022-01,20,Bota Air,bota,62,54,21,0,33,33,0,295,0,0,1,1,2022,0
2022-01,21,Bota Dynamic,bota,38,30,23,0,7,7,0,100,1,0,7,1,2022,33
2022-01,22,Zapatilla Dynamic,zapatilla,85,43,30,1,14,13,0,81,1,0,7,1,2022,26
2022-01,23,Bota Urban,bota,52,32,25,1,8,7,0,296,1,0,4,1,2022,32
2022-01,24,Deportiva Verano,deportiva,79,41,28,1,14,13,0,295,1,0,4,1,2022,26
2022-01,25,Sandalia Urban,sandalia,73,59,9,0,50,50,0,250,1,0,7,1,2022,0
2022-01,26,Deportiva Trail,deportiva,34,43,18,1,26,25,0,247,1,0,2,1,2022,0
2022-01,27,Bota Dynamic,bota,62,40,10,1,31,30,0,210,1,0,7,1,2022,0
2022-01,28,Sandalia Urban,sandalia,99,14,10,0,4,4,0,92,0,1,3,1,2022,36
2022-01,29,Deportiva Air,deportiva,94,38,6,1,33,32,0,59,0,0,3,1,2022,0
2022-01,30,Mocasin Sport,mocasin,63,53,6,0,47,47,0,97,0,0,3,1,2022,0
2022-02,1,Zapatilla Soft,zapatilla,32,12,2,1,11,10,0,170,0,0,2,2,2022,29
2022-02,2,Zapatilla Air,zapatilla,98,26,13,1,14,13,0,73,1,0,6,2,2022,26
2022-02,3,Deportiva Urban,deportiva,64,15,14,1,2,1,0,268,1,1,1,2,2022,38
2022-02,4,Zapatilla Verano,zapatilla,32,56,5,0,51,51,0,228,1,0,2,2,2022,0
2022-02,5,Mocasin Soft,mocasin,79,51,10,1,42,41,0,108,0,0,6,2,2022,0
2022-02,6,Bota Urban,bota,88,51,19,1,33,32,0,96,0,0,2,2,2022,0
2022-02,7,Deportiva Retro,deportiva,98,53,16,0,37,37,0,67,0,0,4,2,2022,0
2022-02,8,Bota Clásica,bota,48,32,10,1,23,22,0,188,0,1,2,2,2022,0
2022-02,9,Deportiva Sport,deportiva,37,14,10,0,4,4,0,256,1,0,5,2,2022,36
2022-02,10,Bota Urban,bota,30,59,9,2,52,50,0,205,0,0,5,2,2022,0
2022-02,11,Deportiva Trail,deportiva,38,31,10,2,23,21,0,236,1,0,7,2,2022,0
2022-02,12,Mocasin Air,mocasin,71,38,14,2,26,24,0,298,0,1,7,2,2022,0
2022-02,13,Mocasin Trail,mocasin,83,59,10,1,50,49,0,277,0,0,7,2,2022,0
2022-02,14,Deportiva Clásica,deportiva,42,56,8,0,48,48,0,195,1,0,7,2,2022,0
2022-02,15,Zapatilla Trail,zapatilla,75,32,26,2,8,6,0,169,0,0,5,2,2022,32
2022-02,16,Zapatilla Clásica,zapatilla,86,15,15,1,1,0,0,265,1,0,2,2,2022,39
2022-02,17,Mocasin Trail,mocasin,59,17,16,2,3,1,0,111,0,1,2,2,2022,37
2022-02,18,Bota Verano,bota,88,10,8,1,3,2,0,276,1,0,2,2,2022,37
2022-02,19,Sandalia Invierno,sandalia,97,50,9,2,43,41,0,255,0,0,3,2,2022,0
2022-02,20,Bota Air,bota,62,13,13,2,2,0,0,117,1,1,5,2,2022,38
2022-02,21,Bota Dynamic,bota,38,35,9,0,26,26,0,245,1,0,2,2,2022,0
2022-02,22,Zapatilla Dynamic,zapatilla,85,16,8,1,9,8,0,266,1,0,4,2,2022,31
2022-02,23,Bota Urban,bota,52,35,17,1,19,18,0,112,0,0,7,2,2022,21
2022-02,24,Deportiva Verano,deportiva,79,52,24,0,28,28,0,213,0,1,3,2,2022,0
2022-02,25,Sandalia Urban,sandalia,73,49,15,2,36,34,0,122,1,0,2,2,2022,0
2022-02,26,Deportiva Trail,deportiva,34,54,12,2,44,42,0,280,0,0,5,2,2022,0
2022-02,27,Bota Dynamic,bota,62,48,28,1,21,20,0,273,1,0,5,2,2022,0
2022-02,28,Sandalia Urban,sandalia,99,32,7,2,27,25,0,142,1,0,6,2,2022,0
2022-02,29,Deportiva Air,deportiva,94,57,20,0,37,37,0,107,1,0,1,2,2022,0
2022-02,30,Mocasin Sport,mocasin,63,13,13,2,2,0,0,190,1,0,4,2,2022,38
2022-03,1,Zapatilla Soft,zapatilla,32,52,24,2,30,28,0,102,1,1,1,3,2022,0
2022-03,2,Zapatilla Air,zapatilla,98,17,17,0,0,0,3,119,0,0,7,3,2022,40
2022-03,3,Deportiva Urban,deportiva,64,60,18,0,42,42,0,230,1,0,4,3,2022,0
2022-03,4,Zapatilla Verano,zapatilla,32,29,12,0,17,17,0,239,0,0,6,3,2022,23
2022-03,5,Mocasin Soft,mocasin,79,16,16,1,1,0,0,206,1,0,6,3,2022,39
2022-03,6,Bota Urban,bota,88,38,17,2,23,21,0,137,1,0,3,3,2022,0
2022-03,7,Deportiva Retro,deportiva,98,57,33,0,24,24,0,81,1,1,4,3,2022,0
2022-03,8,Bota Clásica,bota,48,28,22,2,8,6,0,292,1,0,3,3,2022,32
2022-03,9,Deportiva Sport,deportiva,37,14,12,0,2,2,0,231,1,0,7,3,2022,38
2022-03,10,Bota Urban,bota,30,19,19,2,2,0,0,155,1,0,7,3,2022,38
2022-03,11,Deportiva Trail,deportiva,38,55,10,2,47,45,0,195,1,0,6,3,2022,0
2022-03,12,Mocasin Air,mocasin,71,29,14,2,17,15,0,77,1,1,2,3,2022,23
2022-03,13,Mocasin Trail,mocasin,83,10,10,2,2,0,0,298,1,0,4,3,2022,38
2022-03,14,Deportiva Clásica,deportiva,42,60,19,1,42,41,0,273,1,1,4,3,2022,0
2022-03,15,Zapatilla Trail,zapatilla,75,54,13,1,42,41,0,251,0,0,3,3,2022,0
2022-03,16,Zapatilla Clásica,zapatilla,86,53,10,2,45,43,0,267,0,1,4,3,2022,0
2022-03,17,Mocasin Trail,mocasin,59,34,6,1,29,28,0,111,0,0,7,3,2022,0
2022-03,18,Bota Verano,bota,88,13,11,0,2,2,0,229,1,1,2,3,2022,38
2022-03,19,Sandalia Invierno,sandalia,97,14,14,2,2,0,0,208,1,0,3,3,2022,38
2022-03,20,Bota Air,bota,62,52,10,2,44,42,0,112,0,0,5,3,2022,0
2022-03,21,Bota Dynamic,bota,38,17,17,1,1,0,0,284,0,0,5,3,2022,39
2022-03,22,Zapatilla Dynamic,zapatilla,85,29,3,1,27,26,0,265,0,0,5,3,2022,0
2022-03,23,Bota Urban,bota,52,12,7,2,7,5,0,229,0,0,6,3,2022,33
2022-03,24,Deportiva Verano,deportiva,79,37,9,2,30,28,0,221,0,0,5,3,2022,0
2022-03,25,Sandalia Urban,sandalia,73,42,18,2,26,24,0,71,1,0,5,3,2022,0
2022-03,26,Deportiva Trail,deportiva,34,26,15,2,13,11,0,298,1,1,6,3,2022,27
2022-03,27,Bota Dynamic,bota,62,35,12,0,23,23,0,195,1,0,4,3,2022,0
2022-03,28,Sandalia Urban,sandalia,99,55,7,0,48,48,0,145,1,0,6,3,2022,0
2022-03,29,Deportiva Air,deportiva,94,34,6,1,29,28,0,199,1,0,4,3,2022,0
2022-03,30,Mocasin Sport,mocasin,63,40,12,1,29,28,0,123,1,0,6,3,2022,0
2022-04,1,Zapatilla Soft,zapatilla,32,32,19,2,15,13,0,271,1,1,1,4,2022,25
2022-04,2,Zapatilla Air,zapatilla,98,23,15,2,10,8,0,130,1,0,5,4,2022,30
2022-04,3,Deportiva Urban,deportiva,64,22,17,2,7,5,0,242,0,0,4,4,2022,33
2022-04,4,Zapatilla Verano,zapatilla,32,50,20,2,32,30,0,236,0,0,2,4,2022,0
2022-04,5,Mocasin Soft,mocasin,79,49,3,1,47,46,0,273,0,0,1,4,2022,0
2022-04,6,Bota Urban,bota,88,33,4,1,30,29,0,223,0,1,6,4,2022,0
2022-04,7,Deportiva Retro,deportiva,98,33,16,2,19,17,0,242,0,0,4,4,2022,21
2022-04,8,Bota Clásica,bota,48,60,7,2,55,53,0,85,0,0,2,4,2022,0
2022-04,9,Deportiva Sport,deportiva,37,31,11,1,21,20,0,99,0,0,1,4,2022,0
2022-04,10,Bota Urban,bota,30,25,8,0,17,17,0,72,0,0,5,4,2022,23
2022-04,11,Deportiva Trail,deportiva,38,24,1,0,23,23,0,296,1,0,6,4,2022,0
2022-04,12,Mocasin Air,mocasin,71,13,11,2,4,2,0,58,0,0,5,4,2022,36
2022-04,13,Mocasin Trail,mocasin,83,23,13,2,12,10,0,292,0,0,3,4,2022,28
2022-04,14,Deportiva Clásica,deportiva,42,40,15,2,27,25,0,78,1,0,1,4,2022,0
2022-04,15,Zapatilla Trail,zapatilla,75,15,15,1,1,0,0,189,0,1,3,4,2022,39
2022-04,16,Zapatilla Clásica,zapatilla,86,29,9,1,21,20,0,240,0,0,3,4,2022,0
2022-04,17,Mocasin Trail,mocasin,59,14,11,2,5,3,0,72,0,0,5,4,2022,35
2022-04,18,Bota Verano,bota,88,26,6,0,20,20,0,76,0,0,3,4,2022,0
2022-04,19,Sandalia Invierno,sandalia,97,20,13,0,7,7,0,153,1,0,5,4,2022,33
2022-04,20,Bota Air,bota,62,10,10,2,2,0,0,193,1,0,7,4,2022,38
2022-04,21,Bota Dynamic,bota,38,21,8,1,14,13,0,209,0,0,2,4,2022,26
2022-04,22,Zapatilla Dynamic,zapatilla,85,45,13,1,33,32,0,127,1,0,3,4,2022,0
2022-04,23,Bota Urban,bota,52,54,13,1,42,41,0,57,0,0,3,4,2022,0
2022-04,24,Deportiva Verano,deportiva,79,36,18,0,18,18,0,220,1,0,1,4,2022,22
2022-04,25,Sandalia Urban,sandalia,73,43,10,0,33,33,0,282,0,0,1,4,2022,0
2022-04,26,Deportiva Trail,deportiva,34,17,5,0,12,12,0,83,0,0,7,4,2022,28
2022-04,27,Bota Dynamic,bota,62,43,12,2,33,31,0,108,1,0,5,4,2022,0
2022-04,28,Sandalia Urban,sandalia,99,40,14,2,28,26,0,207,0,0,2,4,2022,0
2022-04,29,Deportiva Air,deportiva,94,26,16,2,12,10,0,241,1,0,6,4,2022,28
2022-04,30,Mocasin Sport,mocasin,63,21,15,1,7,6,0,152,0,1,3,4,2022,33
2022-05,1,Zapatilla Soft,zapatilla,32,56,12,1,45,44,0,216,0,0,7,5,2022,0
2022-05,2,Zapatilla Air,zapatilla,98,10,8,1,3,2,0,123,1,1,1,5,2022,37
2022-05,3,Deportiva Urban,deportiva,64,50,0,1,51,50,0,141,0,0,3,5,2022,0
2022-05,4,Zapatilla Verano,zapatilla,32,24,21,2,5,3,0,180,1,0,1,5,2022,35
2022-05,5,Mocasin Soft,mocasin,79,16,16,0,0,0,5,168,0,1,4,5,2022,40
2022-05,6,Bota Urban,bota,88,14,12,2,4,2,0,232,0,0,7,5,2022,36
2022-05,7,Deportiva Retro,deportiva,98,20,4,2,18,16,0,156,1,0,4,5,2022,22
2022-05,8,Bota Clásica,bota,48,24,6,2,20,18,0,156,0,0,6,5,2022,0
2022-05,9,Deportiva Sport,deportiva,37,26,26,1,1,0,0,224,1,0,2,5,2022,39
2022-05,10,Bota Urban,bota,30,49,15,1,35,34,0,250,1,0,5,5,2022,0
2022-05,11,Deportiva Trail,deportiva,38,54,12,1,43,42,0,265,1,0,3,5,2022,0
2022-05,12,Mocasin Air,mocasin,71,46,8,2,40,38,0,82,1,1,7,5,2022,0
2022-05,13,Mocasin Trail,mocasin,83,26,6,0,20,20,0,258,0,0,2,5,2022,0
2022-05,14,Deportiva Clásica,deportiva,42,14,0,2,16,14,0,101,0,1,1,5,2022,24
2022-05,15,Zapatilla Trail,zapatilla,75,35,25,0,10,10,0,198,0,1,4,5,2022,30
2022-05,16,Zapatilla Clásica,zapatilla,86,40,17,0,23,23,0,261,1,0,4,5,2022,0
2022-05,17,Mocasin Trail,mocasin,59,46,20,0,26,26,0,281,1,0,5,5,2022,0
2022-05,18,Bota Verano,bota,88,29,9,1,21,20,0,258,0,0,4,5,2022,0
2022-05,19,Sandalia Invierno,sandalia,97,45,7,0,38,38,0,207,0,0,5,5,2022,0
2022-05,20,Bota Air,bota,62,28,17,1,12,11,0,51,1,0,5,5,2022,28
2022-05,21,Bota Dynamic,bota,38,33,11,2,24,22,0,147,0,0,4,5,2022,0
2022-05,22,Zapatilla Dynamic,zapatilla,85,19,11,2,10,8,0,236,0,0,6,5,2022,30
2022-05,23,Bota Urban,bota,52,24,18,1,7,6,0,264,1,0,7,5,2022,33
2022-05,24,Deportiva Verano,deportiva,79,14,4,0,10,10,0,125,0,0,3,5,2022,30
2022-05,25,Sandalia Urban,sandalia,73,32,10,1,23,22,0,256,1,0,1,5,2022,0
2022-05,26,Deportiva Trail,deportiva,34,47,21,1,27,26,0,221,0,0,4,5,2022,0
2022-05,27,Bota Dynamic,bota,62,25,14,2,13,11,0,127,1,0,5,5,2022,27
2022-05,28,Sandalia Urban,sandalia,99,55,25,2,32,30,0,113,1,1,5,5,2022,0
2022-05,29,Deportiva Air,deportiva,94,29,18,1,12,11,0,60,1,0,7,5,2022,28
2022-05,30,Mocasin Sport,mocasin,63,12,12,2,2,0,0,221,1,0,7,5,2022,38
2022-06,1,Zapatilla Soft,zapatilla,32,29,12,2,19,17,0,300,0,0,3,6,2022,21
2022-06,2,Zapatilla Air,zapatilla,98,25,8,0,17,17,0,237,0,0,4,6,2022,23
2022-06,3,Deportiva Urban,deportiva,64,44,5,1,40,39,0,191,0,0,1,6,2022,0
2022-06,4,Zapatilla Verano,zapatilla,32,18,7,0,11,11,0,72,1,0,6,6,2022,29
2022-06,5,Mocasin Soft,mocasin,79,34,8,1,27,26,0,132,1,0,2,6,2022,0
2022-06,6,Bota Urban,bota,88,57,19,0,38,38,0,230,1,0,6,6,2022,0
2022-06,7,Deportiva Retro,deportiva,98,58,19,1,40,39,0,68,1,0,7,6,2022,0
2022-06,8,Bota Clásica,bota,48,60,13,1,48,47,0,253,0,0,6,6,2022,0
2022-06,9,Deportiva Sport,deportiva,37,38,6,2,34,32,0,88,0,0,5,6,2022,0
2022-06,10,Bota Urban,bota,30,48,15,0,33,33,0,266,1,0,3,6,2022,0
2022-06,11,Deportiva Trail,deportiva,38,52,9,1,44,43,0,131,1,0,1,6,2022,0
2022-06,12,Mocasin Air,mocasin,71,38,11,2,29,27,0,195,1,0,1,6,2022,0
2022-06,13,Mocasin Trail,mocasin,83,50,2,1,49,48,0,131,0,0,4,6,2022,0
2022-06,14,Deportiva Clásica,deportiva,42,27,11,0,16,16,0,275,0,0,4,6,2022,24
2022-06,15,Zapatilla Trail,zapatilla,75,40,7,2,35,33,0,224,0,0,5,6,2022,0
2022-06,16,Zapatilla Clásica,zapatilla,86,54,16,1,39,38,0,105,1,0,3,6,2022,0
2022-06,17,Mocasin Trail,mocasin,59,20,7,1,14,13,0,120,1,0,6,6,2022,26
2022-06,18,Bota Verano,bota,88,49,12,2,39,37,0,58,1,0,5,6,2022,0
2022-06,19,Sandalia Invierno,sandalia,97,13,9,0,4,4,0,162,1,0,3,6,2022,36
2022-06,20,Bota Air,bota,62,34,19,1,16,15,0,247,1,0,4,6,2022,24
2022-06,21,Bota Dynamic,bota,38,58,20,0,38,38,0,292,1,0,7,6,2022,0
2022-06,22,Zapatilla Dynamic,zapatilla,85,22,22,1,1,0,0,203,1,0,7,6,2022,39
2022-06,23,Bota Urban,bota,52,26,10,1,17,16,0,212,0,0,3,6,2022,23
2022-06,24,Deportiva Verano,deportiva,79,31,11,1,21,20,0,146,0,0,3,6,2022,0
2022-06,25,Sandalia Urban,sandalia,73,45,18,2,29,27,0,96,1,1,4,6,2022,0
2022-06,26,Deportiva Trail,deportiva,34,56,17,2,41,39,0,204,1,0,2,6,2022,0
2022-06,27,Bota Dynamic,bota,62,25,7,1,19,18,0,230,0,0,5,6,2022,21
2022-06,28,Sandalia Urban,sandalia,99,36,32,0,4,4,0,81,1,0,7,6,2022,36
2022-06,29,Deportiva Air,deportiva,94,35,20,1,16,15,0,142,0,0,3,6,2022,24
2022-06,30,Mocasin Sport,mocasin,63,17,9,2,10,8,0,129,1,1,2,6,2022,30
2022-07,1,Zapatilla Soft,zapatilla,32,11,11,1,1,0,0,234,1,0,1,7,2022,39
2022-07,2,Zapatilla Air,zapatilla,98,48,9,0,39,39,0,149,1,0,6,7,2022,0
2022-07,3,Deportiva Urban,deportiva,64,25,3,2,24,22,0,134,0,0,2,7,2022,0
2022-07,4,Zapatilla Verano,zapatilla,32,57,14,0,43,43,0,213,0,0,2,7,2022,0
2022-07,5,Mocasin Soft,mocasin,79,53,14,1,40,39,0,202,1,0,7,7,2022,0
2022-07,6,Bota Urban,bota,88,46,4,1,43,42,0,79,0,1,4,7,2022,0
2022-07,7,Deportiva Retro,deportiva,98,55,11,2,46,44,0,155,0,0,5,7,2022,0
2022-07,8,Bota Clásica,bota,48,11,11,0,0,0,5,228,0,1,3,7,2022,40
2022-07,9,Deportiva Sport,deportiva,37,21,12,2,11,9,0,123,1,0,5,7,2022,29
2022-07,10,Bota Urban,bota,30,34,18,1,17,16,0,220,1,0,3,7,2022,23
2022-07,11,Deportiva Trail,deportiva,38,18,14,2,6,4,0,250,0,0,5,7,2022,34
2022-07,12,Mocasin Air,mocasin,71,10,10,2,2,0,0,188,1,0,7,7,2022,38
2022-07,13,Mocasin Trail,mocasin,83,55,5,2,52,50,0,209,0,0,4,7,2022,0
2022-07,14,Deportiva Clásica,deportiva,42,24,22,0,2,2,0,132,1,0,4,7,2022,38
2022-07,15,Zapatilla Trail,zapatilla,75,25,6,2,21,19,0,68,1,0,4,7,2022,0
2022-07,16,Zapatilla Clásica,zapatilla,86,50,21,1,30,29,0,159,0,0,3,7,2022,0
2022-07,17,Mocasin Trail,mocasin,59,15,10,0,5,5,0,211,1,0,4,7,2022,35
2022-07,18,Bota Verano,bota,88,52,10,1,43,42,0,234,1,0,2,7,2022,0
2022-07,19,Sandalia Invierno,sandalia,97,43,18,0,25,25,0,155,1,0,4,7,2022,0
2022-07,20,Bota Air,bota,62,24,8,2,18,16,0,126,0,0,3,7,2022,22
2022-07,21,Bota Dynamic,bota,38,35,8,2,29,27,0,123,1,0,1,7,2022,0
2022-07,22,Zapatilla Dynamic,zapatilla,85,51,15,2,38,36,0,160,0,0,1,7,2022,0
2022-07,23,Bota Urban,bota,52,38,16,1,23,22,0,117,0,1,3,7,2022,0
2022-07,24,Deportiva Verano,deportiva,79,31,9,0,22,22,0,175,1,0,6,7,2022,0
2022-07,25,Sandalia Urban,sandalia,73,47,25,2,24,22,0,57,1,0,4,7,2022,0
2022-07,26,Deportiva Trail,deportiva,34,37,12,2,27,25,0,61,1,0,7,7,2022,0
2022-07,27,Bota Dynamic,bota,62,60,12,2,50,48,0,197,0,1,4,7,2022,0
2022-07,28,Sandalia Urban,sandalia,99,54,12,0,42,42,0,95,0,0,6,7,2022,0
2022-07,29,Deportiva Air,deportiva,94,54,14,1,41,40,0,142,1,0,6,7,2022,0
2022-07,30,Mocasin Sport,mocasin,63,25,5,1,21,20,0,163,1,0,1,7,2022,0
2022-08,1,Zapatilla Soft,zapatilla,32,52,11,0,41,41,0,115,0,0,6,8,2022,0
2022-08,2,Zapatilla Air,zapatilla,98,20,9,0,11,11,0,178,1,0,1,8,2022,29
2022-08,3,Deportiva Urban,deportiva,64,15,15,0,0,0,5,130,0,1,2,8,2022,40
2022-08,4,Zapatilla Verano,zapatilla,32,37,5,2,34,32,0,108,1,0,6,8,2022,0
2022-08,5,Mocasin Soft,mocasin,79,35,14,0,21,21,0,173,0,0,3,8,2022,0
2022-08,6,Bota Urban,bota,88,21,18,1,4,3,0,154,0,0,2,8,2022,36
2022-08,7,Deportiva Retro,deportiva,98,47,16,1,32,31,0,282,0,0,5,8,2022,0
2022-08,8,Bota Clásica,bota,48,35,15,2,22,20,0,77,0,0,1,8,2022,0
2022-08,9,Deportiva Sport,deportiva,37,42,14,0,28,28,0,188,1,0,6,8,2022,0
2022-08,10,Bota Urban,bota,30,23,9,1,15,14,0,60,1,0,6,8,2022,25
2022-08,11,Deportiva Trail,deportiva,38,52,13,1,40,39,0,223,1,0,1,8,2022,0
2022-08,12,Mocasin Air,mocasin,71,57,13,0,44,44,0,257,0,0,1,8,2022,0
2022-08,13,Mocasin Trail,mocasin,83,47,5,2,44,42,0,197,0,0,6,8,2022,0
2022-08,14,Deportiva Clásica,deportiva,42,55,15,1,41,40,0,276,1,0,7,8,2022,0
2022-08,15,Zapatilla Trail,zapatilla,75,23,13,2,12,10,0,115,1,0,6,8,2022,28
2022-08,16,Zapatilla Clásica,zapatilla,86,29,22,2,9,7,0,281,1,0,5,8,2022,31
2022-08,17,Mocasin Trail,mocasin,59,16,6,1,11,10,0,137,0,0,1,8,2022,29
2022-08,18,Bota Verano,bota,88,45,8,1,38,37,0,53,0,0,1,8,2022,0
2022-08,19,Sandalia Invierno,sandalia,97,27,27,0,0,0,2,233,1,1,6,8,2022,40
2022-08,20,Bota Air,bota,62,44,26,0,18,18,0,80,1,0,7,8,2022,22
2022-08,21,Bota Dynamic,bota,38,37,9,1,29,28,0,117,1,1,4,8,2022,0
2022-08,22,Zapatilla Dynamic,zapatilla,85,37,5,2,34,32,0,159,0,0,3,8,2022,0
2022-08,23,Bota Urban,bota,52,13,13,0,0,0,1,289,1,0,6,8,2022,40
2022-08,24,Deportiva Verano,deportiva,79,56,9,1,48,47,0,231,0,0,3,8,2022,0
2022-08,25,Sandalia Urban,sandalia,73,51,9,2,44,42,0,202,0,0,1,8,2022,0
2022-08,26,Deportiva Trail,deportiva,34,50,13,2,39,37,0,254,0,0,1,8,2022,0
2022-08,27,Bota Dynamic,bota,62,22,9,1,14,13,0,106,1,1,3,8,2022,26
2022-08,28,Sandalia Urban,sandalia,99,19,18,2,3,1,0,52,1,0,1,8,2022,37
2022-08,29,Deportiva Air,deportiva,94,60,17,1,44,43,0,161,0,0,5,8,2022,0
2022-08,30,Mocasin Sport,mocasin,63,11,11,1,1,0,0,134,0,0,5,8,2022,39
2022-09,1,Zapatilla Soft,zapatilla,32,58,38,2,22,20,0,139,1,1,3,9,2022,0
2022-09,2,Zapatilla Air,zapatilla,98,46,7,1,40,39,0,52,1,0,5,9,2022,0
2022-09,3,Deportiva Urban,deportiva,64,47,15,0,32,32,0,242,0,0,6,9,2022,0
2022-09,4,Zapatilla Verano,zapatilla,32,43,12,2,33,31,0,253,0,0,7,9,2022,0
2022-09,5,Mocasin Soft,mocasin,79,30,14,1,17,16,0,187,1,0,1,9,2022,23
2022-09,6,Bota Urban,bota,88,39,18,2,23,21,0,217,1,0,4,9,2022,0
2022-09,7,Deportiva Retro,deportiva,98,27,0,2,29,27,0,219,0,0,3,9,2022,0
2022-09,8,Bota Clásica,bota,48,24,13,1,12,11,0,261,0,0,3,9,2022,28
2022-09,9,Deportiva Sport,deportiva,37,38,22,2,18,16,0,144,1,1,7,9,2022,22
2022-09,10,Bota Urban,bota,30,47,12,1,36,35,0,275,0,0,4,9,2022,0
2022-09,11,Deportiva Trail,deportiva,38,49,16,0,33,33,0,117,0,0,3,9,2022,0
2022-09,12,Mocasin Air,mocasin,71,35,22,0,13,13,0,300,0,1,2,9,2022,27
2022-09,13,Mocasin Trail,mocasin,83,50,15,2,37,35,0,232,0,1,2,9,2022,0
2022-09,14,Deportiva Clásica,deportiva,42,20,6,0,14,14,0,151,0,0,6,9,2022,26
2022-09,15,Zapatilla Trail,zapatilla,75,13,12,1,2,1,0,223,1,0,1,9,2022,38
2022-09,16,Zapatilla Clásica,zapatilla,86,43,6,2,39,37,0,199,0,0,5,9,2022,0
2022-09,17,Mocasin Trail,mocasin,59,56,10,1,47,46,0,275,1,0,7,9,2022,0
2022-09,18,Bota Verano,bota,88,19,19,2,2,0,0,74,1,1,2,9,2022,38
2022-09,19,Sandalia Invierno,sandalia,97,54,14,0,40,40,0,51,1,0,3,9,2022,0
2022-09,20,Bota Air,bota,62,51,8,1,44,43,0,224,0,0,7,9,2022,0
2022-09,21,Bota Dynamic,bota,38,53,17,2,38,36,0,55,1,1,4,9,2022,0
2022-09,22,Zapatilla Dynamic,zapatilla,85,20,17,1,4,3,0,264,0,0,7,9,2022,36
2022-09,23,Bota Urban,bota,52,39,8,0,31,31,0,174,1,0,3,9,2022,0
2022-09,24,Deportiva Verano,deportiva,79,59,13,0,46,46,0,221,1,0,7,9,2022,0
2022-09,25,Sandalia Urban,sandalia,73,37,16,2,23,21,0,209,1,0,4,9,2022,0
2022-09,26,Deportiva Trail,deportiva,34,13,6,0,7,7,0,237,0,0,3,9,2022,33
2022-09,27,Bota Dynamic,bota,62,60,14,1,47,46,0,143,1,0,5,9,2022,0
2022-09,28,Sandalia Urban,sandalia,99,10,10,0,0,0,0,138,1,0,2,9,2022,40
2022-09,29,Deportiva Air,deportiva,94,33,14,2,21,19,0,213,1,1,7,9,2022,0
2022-09,30,Mocasin Sport,mocasin,63,53,5,1,49,48,0,185,1,0,6,9,2022,0
2022-10,1,Zapatilla Soft,zapatilla,32,34,29,2,7,5,0,300,1,0,4,10,2022,33
2022-10,2,Zapatilla Air,zapatilla,98,10,10,1,1,0,0,139,0,0,4,10,2022,39
2022-10,3,Deportiva Urban,deportiva,64,22,14,1,9,8,0,283,0,0,7,10,2022,31
2022-10,4,Zapatilla Verano,zapatilla,32,58,18,1,41,40,0,77,1,0,6,10,2022,0
2022-10,5,Mocasin Soft,mocasin,79,15,9,0,6,6,0,187,1,0,3,10,2022,34
2022-10,6,Bota Urban,bota,88,12,12,0,0,0,0,201,1,0,1,10,2022,40
2022-10,7,Deportiva Retro,deportiva,98,35,15,1,21,20,0,67,1,1,1,10,2022,0
2022-10,8,Bota Clásica,bota,48,14,14,1,1,0,0,70,1,0,2,10,2022,39
2022-10,9,Deportiva Sport,deportiva,37,17,9,0,8,8,0,208,0,0,1,10,2022,32
2022-10,10,Bota Urban,bota,30,27,14,2,15,13,0,110,0,0,1,10,2022,25
2022-10,11,Deportiva Trail,deportiva,38,48,24,1,25,24,0,292,1,0,5,10,2022,0
2022-10,12,Mocasin Air,mocasin,71,10,10,2,2,0,0,117,0,1,5,10,2022,38
2022-10,13,Mocasin Trail,mocasin,83,59,10,2,51,49,0,264,1,1,5,10,2022,0
2022-10,14,Deportiva Clásica,deportiva,42,40,0,2,42,40,0,71,0,0,2,10,2022,0
2022-10,15,Zapatilla Trail,zapatilla,75,25,16,0,9,9,0,184,1,1,1,10,2022,31
2022-10,16,Zapatilla Clásica,zapatilla,86,37,12,2,27,25,0,293,0,1,1,10,2022,0
2022-10,17,Mocasin Trail,mocasin,59,48,8,0,40,40,0,105,1,0,4,10,2022,0
2022-10,18,Bota Verano,bota,88,57,13,2,46,44,0,83,0,0,7,10,2022,0
2022-10,19,Sandalia Invierno,sandalia,97,14,14,2,2,0,0,190,1,0,3,10,2022,38
2022-10,20,Bota Air,bota,62,45,7,1,39,38,0,117,0,0,5,10,2022,0
2022-10,21,Bota Dynamic,bota,38,57,12,2,47,45,0,192,1,0,7,10,2022,0
2022-10,22,Zapatilla Dynamic,zapatilla,85,54,9,2,47,45,0,158,1,0,2,10,2022,0
2022-10,23,Bota Urban,bota,52,26,11,0,15,15,0,197,0,0,4,10,2022,25
2022-10,24,Deportiva Verano,deportiva,79,37,2,0,35,35,0,243,0,0,2,10,2022,0
2022-10,25,Sandalia Urban,sandalia,73,58,18,2,42,40,0,207,0,0,5,10,2022,0
2022-10,26,Deportiva Trail,deportiva,34,32,15,1,18,17,0,80,1,0,6,10,2022,22
2022-10,27,Bota Dynamic,bota,62,27,10,0,17,17,0,102,0,1,2,10,2022,23
2022-10,28,Sandalia Urban,sandalia,99,37,21,2,18,16,0,126,1,0,7,10,2022,22
2022-10,29,Deportiva Air,deportiva,94,56,11,0,45,45,0,127,1,0,7,10,2022,0
2022-10,30,Mocasin Sport,mocasin,63,18,11,0,7,7,0,260,1,0,2,10,2022,33
2022-11,1,Zapatilla Soft,zapatilla,32,24,9,1,16,15,0,289,0,0,1,11,2022,24
2022-11,2,Zapatilla Air,zapatilla,98,25,25,0,0,0,1,244,1,0,2,11,2022,40
2022-11,3,Deportiva Urban,deportiva,64,11,7,0,4,4,0,91,0,1,2,11,2022,36
2022-11,4,Zapatilla Verano,zapatilla,32,27,9,0,18,18,0,118,1,0,7,11,2022,22
2022-11,5,Mocasin Soft,mocasin,79,30,6,0,24,24,0,68,0,1,3,11,2022,0
2022-11,6,Bota Urban,bota,88,29,12,0,17,17,0,58,1,0,5,11,2022,23
2022-11,7,Deportiva Retro,deportiva,98,35,9,1,27,26,0,56,0,0,3,11,2022,0
2022-11,8,Bota Clásica,bota,48,43,11,0,32,32,0,200,0,0,7,11,2022,0
2022-11,9,Deportiva Sport,deportiva,37,51,11,2,42,40,0,240,1,0,3,11,2022,0
2022-11,10,Bota Urban,bota,30,26,8,0,18,18,0,57,0,1,4,11,2022,22
2022-11,11,Deportiva Trail,deportiva,38,38,17,2,23,21,0,193,0,0,6,11,2022,0
2022-11,12,Mocasin Air,mocasin,71,60,2,2,60,58,0,236,0,0,5,11,2022,0
2022-11,13,Mocasin Trail,mocasin,83,51,12,2,41,39,0,82,1,0,5,11,2022,0
2022-11,14,Deportiva Clásica,deportiva,42,32,32,0,0,0,1,185,1,1,5,11,2022,40
2022-11,15,Zapatilla Trail,zapatilla,75,11,11,2,2,0,0,286,1,1,6,11,2022,38
2022-11,16,Zapatilla Clásica,zapatilla,86,17,2,0,15,15,0,209,0,0,2,11,2022,25
2022-11,17,Mocasin Trail,mocasin,59,52,6,1,47,46,0,114,1,0,1,11,2022,0
2022-11,18,Bota Verano,bota,88,45,19,1,27,26,0,209,0,0,1,11,2022,0
2022-11,19,Sandalia Invierno,sandalia,97,24,5,1,20,19,0,117,1,0,1,11,2022,0
2022-11,20,Bota Air,bota,62,52,13,0,39,39,0,274,1,1,1,11,2022,0
2022-11,21,Bota Dynamic,bota,38,37,15,2,24,22,0,80,0,0,5,11,2022,0
2022-11,22,Zapatilla Dynamic,zapatilla,85,54,8,0,46,46,0,110,0,0,4,11,2022,0
2022-11,23,Bota Urban,bota,52,24,13,0,11,11,0,244,1,1,3,11,2022,29
2022-11,24,Deportiva Verano,deportiva,79,39,22,0,17,17,0,268,1,0,6,11,2022,23
2022-11,25,Sandalia Urban,sandalia,73,29,16,1,14,13,0,163,0,0,3,11,2022,26
2022-11,26,Deportiva Trail,deportiva,34,43,16,2,29,27,0,125,1,1,6,11,2022,0
2022-11,27,Bota Dynamic,bota,62,58,6,2,54,52,0,247,0,0,7,11,2022,0
2022-11,28,Sandalia Urban,sandalia,99,31,8,0,23,23,0,89,0,0,2,11,2022,0
2022-11,29,Deportiva Air,deportiva,94,53,11,0,42,42,0,192,0,0,2,11,2022,0
2022-11,30,Mocasin Sport,mocasin,63,20,18,2,4,2,0,148,0,0,7,11,2022,36
2022-12,1,Zapatilla Soft,zapatilla,32,20,13,1,8,7,0,246,1,1,7,12,2022,32
2022-12,2,Zapatilla Air,zapatilla,98,16,6,2,12,10,0,154,1,0,4,12,2022,28
2022-12,3,Deportiva Urban,deportiva,64,26,6,0,20,20,0,196,1,0,1,12,2022,0
2022-12,4,Zapatilla Verano,zapatilla,32,17,6,2,13,11,0,140,1,0,6,12,2022,27
2022-12,5,Mocasin Soft,mocasin,79,39,9,1,31,30,0,164,0,0,6,12,2022,0
2022-12,6,Bota Urban,bota,88,45,16,1,30,29,0,175,1,0,3,12,2022,0
2022-12,7,Deportiva Retro,deportiva,98,43,12,2,33,31,0,96,1,1,5,12,2022,0
2022-12,8,Bota Clásica,bota,48,49,14,0,35,35,0,175,1,0,7,12,2022,0
2022-12,9,Deportiva Sport,deportiva,37,35,17,2,20,18,0,176,0,0,2,12,2022,0
2022-12,10,Bota Urban,bota,30,52,17,1,36,35,0,172,1,0,4,12,2022,0
2022-12,11,Deportiva Trail,deportiva,38,27,10,1,18,17,0,180,1,0,7,12,2022,22
2022-12,12,Mocasin Air,mocasin,71,14,3,1,12,11,0,127,0,0,5,12,2022,28
2022-12,13,Mocasin Trail,mocasin,83,16,16,0,0,0,4,298,1,0,6,12,2022,40
2022-12,14,Deportiva Clásica,deportiva,42,37,14,2,25,23,0,170,0,0,1,12,2022,0
2022-12,15,Zapatilla Trail,zapatilla,75,35,5,0,30,30,0,131,1,0,7,12,2022,0
2022-12,16,Zapatilla Clásica,zapatilla,86,25,9,1,17,16,0,234,0,0,1,12,2022,23
2022-12,17,Mocasin Trail,mocasin,59,39,32,1,8,7,0,203,1,1,1,12,2022,32
2022-12,18,Bota Verano,bota,88,17,11,0,6,6,0,286,0,0,1,12,2022,34
2022-12,19,Sandalia Invierno,sandalia,97,36,6,1,31,30,0,95,1,0,5,12,2022,0
2022-12,20,Bota Air,bota,62,24,16,1,9,8,0,297,0,0,3,12,2022,31
2022-12,21,Bota Dynamic,bota,38,15,14,1,2,1,0,90,1,0,2,12,2022,38
2022-12,22,Zapatilla Dynamic,zapatilla,85,32,15,0,17,17,0,279,1,1,2,12,2022,23
2022-12,23,Bota Urban,bota,52,17,15,2,4,2,0,233,1,0,4,12,2022,36
2022-12,24,Deportiva Verano,deportiva,79,48,15,0,33,33,0,247,0,0,4,12,2022,0
2022-12,25,Sandalia Urban,sandalia,73,34,12,2,24,22,0,143,1,0,4,12,2022,0
2022-12,26,Deportiva Trail,deportiva,34,21,6,0,15,15,0,167,0,1,6,12,2022,25
2022-12,27,Bota Dynamic,bota,62,39,16,0,23,23,0,59,1,0,1,12,2022,0
2022-12,28,Sandalia Urban,sandalia,99,27,12,1,16,15,0,268,0,0,5,12,2022,24
2022-12,29,Deportiva Air,deportiva,94,58,14,1,45,44,0,101,0,0,1,12,2022,0
2022-12,30,Mocasin Sport,mocasin,63,29,18,1,12,11,0,153,1,1,7,12,2022,28
2023-01,1,Zapatilla Soft,zapatilla,32,60,14,1,47,46,0,191,1,0,5,1,2023,0
2023-01,2,Zapatilla Air,zapatilla,98,12,12,2,2,0,0,93,1,0,2,1,2023,38
2023-01,3,Deportiva Urban,deportiva,64,19,12,2,9,7,0,137,0,0,4,1,2023,31
2023-01,4,Zapatilla Verano,zapatilla,32,45,10,2,37,35,0,208,0,0,3,1,2023,0
2023-01,5,Mocasin Soft,mocasin,79,28,21,2,9,7,0,238,1,0,3,1,2023,31
2023-01,6,Bota Urban,bota,88,40,14,2,28,26,0,295,1,0,7,1,2023,0
2023-01,7,Deportiva Retro,deportiva,98,12,12,0,0,0,4,130,1,0,2,1,2023,40
2023-01,8,Bota Clásica,bota,48,25,11,0,14,14,0,118,1,1,5,1,2023,26
2023-01,9,Deportiva Sport,deportiva,37,23,11,0,12,12,0,298,0,0,1,1,2023,28
2023-01,10,Bota Urban,bota,30,38,28,1,11,10,0,242,1,0,4,1,2023,29
2023-01,11,Deportiva Trail,deportiva,38,36,11,1,26,25,0,93,0,0,7,1,2023,0
2023-01,12,Mocasin Air,mocasin,71,35,17,1,19,18,0,133,0,1,3,1,2023,21
2023-01,13,Mocasin Trail,mocasin,83,11,11,1,1,0,0,156,0,0,2,1,2023,39
2023-01,14,Deportiva Clásica,deportiva,42,52,15,2,39,37,0,123,1,0,6,1,2023,0
2023-01,15,Zapatilla Trail,zapatilla,75,50,3,2,49,47,0,281,1,0,6,1,2023,0
2023-01,16,Zapatilla Clásica,zapatilla,86,43,6,0,37,37,0,120,0,0,1,1,2023,0
2023-01,17,Mocasin Trail,mocasin,59,24,15,1,10,9,0,285,1,0,6,1,2023,30
2023-01,18,Bota Verano,bota,88,50,11,1,40,39,0,53,0,0,2,1,2023,0
2023-01,19,Sandalia Invierno,sandalia,97,14,7,0,7,7,0,206,1,1,4,1,2023,33
2023-01,20,Bota Air,bota,62,53,17,2,38,36,0,150,1,0,2,1,2023,0
2023-01,21,Bota Dynamic,bota,38,55,24,0,31,31,0,186,0,0,2,1,2023,0
2023-01,22,Zapatilla Dynamic,zapatilla,85,26,5,2,23,21,0,70,0,0,2,1,2023,0
2023-01,23,Bota Urban,bota,52,58,19,2,41,39,0,50,0,1,5,1,2023,0
2023-01,24,Deportiva Verano,deportiva,79,16,4,1,13,12,0,266,1,1,5,1,2023,27
2023-01,25,Sandalia Urban,sandalia,73,41,23,2,20,18,0,251,0,1,6,1,2023,0
2023-01,26,Deportiva Trail,deportiva,34,39,7,1,33,32,0,76,1,0,4,1,2023,0
2023-01,27,Bota Dynamic,bota,62,30,8,2,24,22,0,91,0,0,2,1,2023,0
2023-01,28,Sandalia Urban,sandalia,99,22,19,2,5,3,0,120,1,0,6,1,2023,35
2023-01,29,Deportiva Air,deportiva,94,53,17,1,37,36,0,94,0,1,6,1,2023,0
2023-01,30,Mocasin Sport,mocasin,63,43,17,2,28,26,0,86,1,0,7,1,2023,0
2023-02,1,Zapatilla Soft,zapatilla,32,48,8,0,40,40,0,165,1,0,2,2,2023,0
2023-02,2,Zapatilla Air,zapatilla,98,29,1,1,29,28,0,275,0,0,4,2,2023,0
2023-02,3,Deportiva Urban,deportiva,64,30,10,0,20,20,0,235,0,0,2,2,2023,0
2023-02,4,Zapatilla Verano,zapatilla,32,17,8,0,9,9,0,228,0,0,1,2,2023,31
2023-02,5,Mocasin Soft,mocasin,79,25,8,2,19,17,0,166,1,1,6,2,2023,21
2023-02,6,Bota Urban,bota,88,11,11,0,0,0,5,150,1,0,2,2,2023,40
2023-02,7,Deportiva Retro,deportiva,98,42,6,1,37,36,0,101,0,1,6,2,2023,0
2023-02,8,Bota Clásica,bota,48,40,12,2,30,28,0,217,0,0,1,2,2023,0
2023-02,9,Deportiva Sport,deportiva,37,33,16,0,17,17,0,296,1,1,2,2,2023,23
2023-02,10,Bota Urban,bota,30,44,1,1,44,43,0,140,0,0,5,2,2023,0
2023-02,11,Deportiva Trail,deportiva,38,55,26,0,29,29,0,246,1,1,2,2,2023,0
2023-02,12,Mocasin Air,mocasin,71,14,14,2,2,0,0,251,1,0,7,2,2023,38
2023-02,13,Mocasin Trail,mocasin,83,17,15,2,4,2,0,285,1,0,1,2,2023,36
2023-02,14,Deportiva Clásica,deportiva,42,42,11,2,33,31,0,271,1,1,4,2,2023,0
2023-02,15,Zapatilla Trail,zapatilla,75,14,14,0,0,0,2,236,0,1,1,2,2023,40
2023-02,16,Zapatilla Clásica,zapatilla,86,51,34,1,18,17,0,85,1,1,5,2,2023,22
2023-02,17,Mocasin Trail,mocasin,59,32,30,1,3,2,0,282,1,1,1,2,2023,37
2023-02,18,Bota Verano,bota,88,51,11,2,42,40,0,292,0,0,3,2,2023,0
2023-02,19,Sandalia Invierno,sandalia,97,51,17,0,34,34,0,174,1,0,3,2,2023,0
2023-02,20,Bota Air,bota,62,41,0,0,41,41,0,226,0,0,1,2,2023,0
2023-02,21,Bota Dynamic,bota,38,11,11,2,2,0,0,256,0,0,1,2,2023,38
2023-02,22,Zapatilla Dynamic,zapatilla,85,22,19,1,4,3,0,284,0,0,5,2,2023,36
2023-02,23,Bota Urban,bota,52,48,13,1,36,35,0,226,1,0,2,2,2023,0
2023-02,24,Deportiva Verano,deportiva,79,57,16,1,42,41,0,272,1,0,7,2,2023,0
2023-02,25,Sandalia Urban,sandalia,73,56,9,0,47,47,0,170,1,1,3,2,2023,0
2023-02,26,Deportiva Trail,deportiva,34,11,11,0,0,0,5,202,1,0,2,2,2023,40
2023-02,27,Bota Dynamic,bota,62,46,28,0,18,18,0,177,1,1,7,2,2023,22
2023-02,28,Sandalia Urban,sandalia,99,18,18,0,0,0,5,80,1,0,3,2,2023,40
2023-02,29,Deportiva Air,deportiva,94,41,11,2,32,30,0,166,0,0,2,2,2023,0
2023-02,30,Mocasin Sport,mocasin,63,19,15,2,6,4,0,114,0,0,6,2,2023,34
2023-03,1,Zapatilla Soft,zapatilla,32,40,17,0,23,23,0,292,1,0,6,3,2023,0
2023-03,2,Zapatilla Air,zapatilla,98,17,10,1,8,7,0,111,0,0,3,3,2023,32
2023-03,3,Deportiva Urban,deportiva,64,40,13,0,27,27,0,119,1,0,3,3,2023,0
2023-03,4,Zapatilla Verano,zapatilla,32,57,13,0,44,44,0,63,1,0,2,3,2023,0
2023-03,5,Mocasin Soft,mocasin,79,20,6,1,15,14,0,67,0,0,7,3,2023,25
2023-03,6,Bota Urban,bota,88,11,11,2,2,0,0,260,0,0,3,3,2023,38
2023-03,7,Deportiva Retro,deportiva,98,35,20,1,16,15,0,210,0,0,3,3,2023,24
2023-03,8,Bota Clásica,bota,48,13,13,0,0,0,2,59,1,0,6,3,2023,40
2023-03,9,Deportiva Sport,deportiva,37,15,6,0,9,9,0,238,0,0,3,3,2023,31
2023-03,10,Bota Urban,bota,30,60,24,0,36,36,0,65,0,0,6,3,2023,0
2023-03,11,Deportiva Trail,deportiva,38,38,13,2,27,25,0,276,1,0,5,3,2023,0
2023-03,12,Mocasin Air,mocasin,71,35,15,0,20,20,0,201,0,0,4,3,2023,0
2023-03,13,Mocasin Trail,mocasin,83,50,11,0,39,39,0,136,1,0,2,3,2023,0
2023-03,14,Deportiva Clásica,deportiva,42,49,12,1,38,37,0,210,1,0,7,3,2023,0
2023-03,15,Zapatilla Trail,zapatilla,75,34,17,2,19,17,0,275,0,0,1,3,2023,21
2023-03,16,Zapatilla Clásica,zapatilla,86,43,5,0,38,38,0,107,0,0,1,3,2023,0
2023-03,17,Mocasin Trail,mocasin,59,44,16,2,30,28,0,288,0,0,5,3,2023,0
2023-03,18,Bota Verano,bota,88,33,22,1,12,11,0,218,1,0,5,3,2023,28
2023-03,19,Sandalia Invierno,sandalia,97,55,13,2,44,42,0,60,0,1,5,3,2023,0
2023-03,20,Bota Air,bota,62,10,8,1,3,2,0,97,1,0,5,3,2023,37
2023-03,21,Bota Dynamic,bota,38,50,34,0,16,16,0,229,1,1,3,3,2023,24
2023-03,22,Zapatilla Dynamic,zapatilla,85,28,14,2,16,14,0,54,0,1,1,3,2023,24
2023-03,23,Bota Urban,bota,52,10,10,1,1,0,0,116,1,0,7,3,2023,39
2023-03,24,Deportiva Verano,deportiva,79,44,10,2,36,34,0,191,0,0,7,3,2023,0
2023-03,25,Sandalia Urban,sandalia,73,59,3,2,58,56,0,174,0,0,7,3,2023,0
2023-03,26,Deportiva Trail,deportiva,34,13,4,0,9,9,0,116,0,0,4,3,2023,31
2023-03,27,Bota Dynamic,bota,62,23,15,2,10,8,0,293,1,0,4,3,2023,30
2023-03,28,Sandalia Urban,sandalia,99,39,7,2,34,32,0,261,1,1,6,3,2023,0
2023-03,29,Deportiva Air,deportiva,94,34,17,0,17,17,0,96,0,1,2,3,2023,23
2023-03,30,Mocasin Sport,mocasin,63,23,14,1,10,9,0,272,1,0,2,3,2023,30
2023-04,1,Zapatilla Soft,zapatilla,32,12,12,2,2,0,0,91,1,0,2,4,2023,38
2023-04,2,Zapatilla Air,zapatilla,98,50,16,2,36,34,0,184,1,0,2,4,2023,0
2023-04,3,Deportiva Urban,deportiva,64,27,12,1,16,15,0,136,0,0,6,4,2023,24
2023-04,4,Zapatilla Verano,zapatilla,32,11,11,1,1,0,0,288,0,0,3,4,2023,39
2023-04,5,Mocasin Soft,mocasin,79,32,21,1,12,11,0,91,1,0,2,4,2023,28
2023-04,6,Bota Urban,bota,88,23,18,0,5,5,0,288,1,0,1,4,2023,35
2023-04,7,Deportiva Retro,deportiva,98,29,10,2,21,19,0,279,0,0,4,4,2023,0
2023-04,8,Bota Clásica,bota,48,22,11,0,11,11,0,253,1,0,2,4,2023,29
2023-04,9,Deportiva Sport,deportiva,37,55,12,0,43,43,0,220,1,0,4,4,2023,0
2023-04,10,Bota Urban,bota,30,35,14,0,21,21,0,187,0,1,1,4,2023,0
2023-04,11,Deportiva Trail,deportiva,38,18,7,2,13,11,0,84,0,0,3,4,2023,27
2023-04,12,Mocasin Air,mocasin,71,13,13,0,0,0,4,207,1,0,4,4,2023,40
2023-04,13,Mocasin Trail,mocasin,83,14,10,2,6,4,0,100,0,0,3,4,2023,34
2023-04,14,Deportiva Clásica,deportiva,42,12,11,1,2,1,0,81,1,0,4,4,2023,38
2023-04,15,Zapatilla Trail,zapatilla,75,59,18,2,43,41,0,148,1,0,7,4,2023,0
2023-04,16,Zapatilla Clásica,zapatilla,86,54,23,2,33,31,0,285,0,0,2,4,2023,0
2023-04,17,Mocasin Trail,mocasin,59,58,18,0,40,40,0,297,1,1,4,4,2023,0
2023-04,18,Bota Verano,bota,88,38,9,2,31,29,0,59,0,1,2,4,2023,0
2023-04,19,Sandalia Invierno,sandalia,97,30,12,1,19,18,0,206,1,0,2,4,2023,21
2023-04,20,Bota Air,bota,62,37,18,0,19,19,0,70,1,1,1,4,2023,21
2023-04,21,Bota Dynamic,bota,38,52,19,1,34,33,0,144,1,0,6,4,2023,0
2023-04,22,Zapatilla Dynamic,zapatilla,85,30,17,2,15,13,0,52,0,0,3,4,2023,25
2023-04,23,Bota Urban,bota,52,32,2,1,31,30,0,188,0,0,2,4,2023,0
2023-04,24,Deportiva Verano,deportiva,79,15,15,0,0,0,0,275,1,0,2,4,2023,40
2023-04,25,Sandalia Urban,sandalia,73,47,9,1,39,38,0,268,0,0,5,4,2023,0
2023-04,26,Deportiva Trail,deportiva,34,59,1,1,59,58,0,83,0,0,6,4,2023,0
2023-04,27,Bota Dynamic,bota,62,58,15,0,43,43,0,78,1,0,6,4,2023,0
2023-04,28,Sandalia Urban,sandalia,99,21,21,0,0,0,4,180,1,0,3,4,2023,40
2023-04,29,Deportiva Air,deportiva,94,21,21,2,2,0,0,255,1,1,6,4,2023,38
2023-04,30,Mocasin Sport,mocasin,63,17,17,2,2,0,0,170,1,0,4,4,2023,38
2023-05,1,Zapatilla Soft,zapatilla,32,47,16,1,32,31,0,295,1,0,3,5,2023,0
2023-05,2,Zapatilla Air,zapatilla,98,27,10,1,18,17,0,228,1,0,2,5,2023,22
2023-05,3,Deportiva Urban,deportiva,64,39,12,2,29,27,0,86,1,0,5,5,2023,0
2023-05,4,Zapatilla Verano,zapatilla,32,20,12,0,8,8,0,240,0,0,5,5,2023,32
2023-05,5,Mocasin Soft,mocasin,79,25,18,0,7,7,0,87,0,0,2,5,2023,33
2023-05,6,Bota Urban,bota,88,19,11,2,10,8,0,147,1,0,1,5,2023,30
2023-05,7,Deportiva Retro,deportiva,98,31,16,2,17,15,0,222,1,0,6,5,2023,23
2023-05,8,Bota Clásica,bota,48,40,15,1,26,25,0,81,1,0,7,5,2023,0
2023-05,9,Deportiva Sport,deportiva,37,45,6,0,39,39,0,137,0,1,3,5,2023,0
2023-05,10,Bota Urban,bota,30,21,6,1,16,15,0,261,0,0,2,5,2023,24
2023-05,11,Deportiva Trail,deportiva,38,32,16,1,17,16,0,113,1,0,7,5,2023,23
2023-05,12,Mocasin Air,mocasin,71,36,14,0,22,22,0,206,1,0,3,5,2023,0
2023-05,13,Mocasin Trail,mocasin,83,20,7,0,13,13,0,189,0,0,6,5,2023,27
2023-05,14,Deportiva Clásica,deportiva,42,33,9,0,24,24,0,228,0,0,6,5,2023,0
2023-05,15,Zapatilla Trail,zapatilla,75,34,17,0,17,17,0,164,0,0,1,5,2023,23
2023-05,16,Zapatilla Clásica,zapatilla,86,27,17,2,12,10,0,184,0,0,7,5,2023,28
2023-05,17,Mocasin Trail,mocasin,59,22,12,2,12,10,0,147,1,0,1,5,2023,28
2023-05,18,Bota Verano,bota,88,44,15,2,31,29,0,277,0,0,3,5,2023,0
2023-05,19,Sandalia Invierno,sandalia,97,20,9,1,12,11,0,138,0,1,6,5,2023,28
2023-05,20,Bota Air,bota,62,20,12,1,9,8,0,266,1,0,2,5,2023,31
2023-05,21,Bota Dynamic,bota,38,50,10,2,42,40,0,125,1,0,5,5,2023,0
2023-05,22,Zapatilla Dynamic,zapatilla,85,22,12,0,10,10,0,128,1,0,2,5,2023,30
2023-05,23,Bota Urban,bota,52,44,9,1,36,35,0,141,0,0,7,5,2023,0
2023-05,24,Deportiva Verano,deportiva,79,35,12,0,23,23,0,54,0,0,1,5,2023,0
2023-05,25,Sandalia Urban,sandalia,73,11,11,1,1,0,0,247,1,0,5,5,2023,39
2023-05,26,Deportiva Trail,deportiva,34,35,19,2,18,16,0,156,1,0,2,5,2023,22
2023-05,27,Bota Dynamic,bota,62,59,4,2,57,55,0,161,0,0,5,5,2023,0
2023-05,28,Sandalia Urban,sandalia,99,22,11,1,12,11,0,98,0,0,5,5,2023,28
2023-05,29,Deportiva Air,deportiva,94,16,16,2,2,0,0,165,1,1,4,5,2023,38
2023-05,30,Mocasin Sport,mocasin,63,42,7,2,37,35,0,152,0,0,4,5,2023,0
2023-06,1,Zapatilla Soft,zapatilla,32,15,7,0,8,8,0,234,1,1,2,6,2023,32
2023-06,2,Zapatilla Air,zapatilla,98,60,8,0,52,52,0,293,0,0,2,6,2023,0
2023-06,3,Deportiva Urban,deportiva,64,58,7,1,52,51,0,256,1,0,2,6,2023,0
2023-06,4,Zapatilla Verano,zapatilla,32,30,10,2,22,20,0,92,1,0,5,6,2023,0
2023-06,5,Mocasin Soft,mocasin,79,51,18,2,35,33,0,142,1,0,1,6,2023,0
2023-06,6,Bota Urban,bota,88,27,15,0,12,12,0,240,0,0,2,6,2023,28
2023-06,7,Deportiva Retro,deportiva,98,46,8,0,38,38,0,82,1,0,3,6,2023,0
2023-06,8,Bota Clásica,bota,48,44,8,0,36,36,0,240,0,0,7,6,2023,0
2023-06,9,Deportiva Sport,deportiva,37,23,23,1,1,0,0,80,1,0,5,6,2023,39
2023-06,10,Bota Urban,bota,30,18,13,2,7,5,0,174,0,0,7,6,2023,33
2023-06,11,Deportiva Trail,deportiva,38,16,7,0,9,9,0,96,1,0,1,6,2023,31
2023-06,12,Mocasin Air,mocasin,71,52,15,0,37,37,0,54,1,0,2,6,2023,0
2023-06,13,Mocasin Trail,mocasin,83,40,5,0,35,35,0,155,0,1,7,6,2023,0
2023-06,14,Deportiva Clásica,deportiva,42,42,9,2,35,33,0,60,1,0,6,6,2023,0
2023-06,15,Zapatilla Trail,zapatilla,75,53,4,0,49,49,0,112,1,0,7,6,2023,0
2023-06,16,Zapatilla Clásica,zapatilla,86,20,20,2,2,0,0,239,1,0,4,6,2023,38
2023-06,17,Mocasin Trail,mocasin,59,44,5,0,39,39,0,90,1,0,3,6,2023,0
2023-06,18,Bota Verano,bota,88,33,12,0,21,21,0,190,0,0,4,6,2023,0
2023-06,19,Sandalia Invierno,sandalia,97,47,21,2,28,26,0,102,1,0,1,6,2023,0
2023-06,20,Bota Air,bota,62,56,12,1,45,44,0,95,0,0,1,6,2023,0
2023-06,21,Bota Dynamic,bota,38,28,14,2,16,14,0,258,0,1,3,6,2023,24
2023-06,22,Zapatilla Dynamic,zapatilla,85,30,12,0,18,18,0,75,0,0,6,6,2023,22
2023-06,23,Bota Urban,bota,52,42,11,0,31,31,0,50,1,0,6,6,2023,0
2023-06,24,Deportiva Verano,deportiva,79,11,8,0,3,3,0,51,0,0,2,6,2023,37
2023-06,25,Sandalia Urban,sandalia,73,59,11,2,50,48,0,79,0,0,5,6,2023,0
2023-06,26,Deportiva Trail,deportiva,34,47,5,1,43,42,0,79,0,0,7,6,2023,0
2023-06,27,Bota Dynamic,bota,62,17,6,2,13,11,0,210,1,0,5,6,2023,27
2023-06,28,Sandalia Urban,sandalia,99,10,9,1,2,1,0,192,0,0,3,6,2023,38
2023-06,29,Deportiva Air,deportiva,94,21,12,2,11,9,0,216,0,0,2,6,2023,29
2023-06,30,Mocasin Sport,mocasin,63,33,15,0,18,18,0,252,0,0,3,6,2023,22
2023-07,1,Zapatilla Soft,zapatilla,32,54,12,1,43,42,0,96,1,0,2,7,2023,0
2023-07,2,Zapatilla Air,zapatilla,98,29,14,1,16,15,0,82,1,0,5,7,2023,24
2023-07,3,Deportiva Urban,deportiva,64,12,9,2,5,3,0,89,0,0,3,7,2023,35
2023-07,4,Zapatilla Verano,zapatilla,32,20,10,0,10,10,0,120,0,0,5,7,2023,30
2023-07,5,Mocasin Soft,mocasin,79,35,16,2,21,19,0,263,1,0,1,7,2023,0
2023-07,6,Bota Urban,bota,88,60,14,2,48,46,0,288,1,0,5,7,2023,0
2023-07,7,Deportiva Retro,deportiva,98,51,4,1,48,47,0,137,1,0,3,7,2023,0
2023-07,8,Bota Clásica,bota,48,38,24,0,14,14,0,85,0,0,4,7,2023,26
2023-07,9,Deportiva Sport,deportiva,37,37,10,2,29,27,0,105,0,0,2,7,2023,0
2023-07,10,Bota Urban,bota,30,59,25,2,36,34,0,188,0,0,3,7,2023,0
2023-07,11,Deportiva Trail,deportiva,38,41,16,2,27,25,0,156,1,0,4,7,2023,0
2023-07,12,Mocasin Air,mocasin,71,40,8,2,34,32,0,190,0,1,7,7,2023,0
2023-07,13,Mocasin Trail,mocasin,83,43,18,2,27,25,0,134,1,0,4,7,2023,0
2023-07,14,Deportiva Clásica,deportiva,42,15,15,0,0,0,1,253,1,0,2,7,2023,40
2023-07,15,Zapatilla Trail,zapatilla,75,42,12,1,31,30,0,51,0,0,7,7,2023,0
2023-07,16,Zapatilla Clásica,zapatilla,86,52,9,2,45,43,0,174,0,0,1,7,2023,0
2023-07,17,Mocasin Trail,mocasin,59,41,17,0,24,24,0,229,1,0,1,7,2023,0
2023-07,18,Bota Verano,bota,88,51,10,2,43,41,0,222,1,0,4,7,2023,0
2023-07,19,Sandalia Invierno,sandalia,97,59,6,2,55,53,0,280,0,0,4,7,2023,0
2023-07,20,Bota Air,bota,62,21,6,0,15,15,0,102,1,0,3,7,2023,25
2023-07,21,Bota Dynamic,bota,38,18,8,1,11,10,0,83,1,0,6,7,2023,29
2023-07,22,Zapatilla Dynamic,zapatilla,85,49,15,2,36,34,0,89,0,0,4,7,2023,0
2023-07,23,Bota Urban,bota,52,37,16,1,22,21,0,115,1,0,5,7,2023,0
2023-07,24,Deportiva Verano,deportiva,79,33,25,1,9,8,0,67,1,1,4,7,2023,31
2023-07,25,Sandalia Urban,sandalia,73,35,28,2,9,7,0,201,1,0,5,7,2023,31
2023-07,26,Deportiva Trail,deportiva,34,42,9,1,34,33,0,96,0,0,5,7,2023,0
2023-07,27,Bota Dynamic,bota,62,24,16,1,9,8,0,249,0,0,3,7,2023,31
2023-07,28,Sandalia Urban,sandalia,99,54,17,1,38,37,0,147,1,1,6,7,2023,0
2023-07,29,Deportiva Air,deportiva,94,14,14,1,1,0,0,76,1,1,4,7,2023,39
2023-07,30,Mocasin Sport,mocasin,63,19,11,1,9,8,0,296,1,0,1,7,2023,31
2023-08,1,Zapatilla Soft,zapatilla,32,47,12,2,37,35,0,158,0,0,7,8,2023,0
2023-08,2,Zapatilla Air,zapatilla,98,51,9,1,43,42,0,195,0,0,3,8,2023,0
2023-08,3,Deportiva Urban,deportiva,64,16,12,2,6,4,0,166,1,0,1,8,2023,34
2023-08,4,Zapatilla Verano,zapatilla,32,25,12,1,14,13,0,132,1,0,5,8,2023,26
2023-08,5,Mocasin Soft,mocasin,79,13,13,0,0,0,3,296,0,0,6,8,2023,40
2023-08,6,Bota Urban,bota,88,25,14,0,11,11,0,214,1,0,7,8,2023,29
2023-08,7,Deportiva Retro,deportiva,98,60,19,1,42,41,0,171,0,1,1,8,2023,0
2023-08,8,Bota Clásica,bota,48,15,10,2,7,5,0,150,1,0,7,8,2023,33
2023-08,9,Deportiva Sport,deportiva,37,26,9,2,19,17,0,193,0,0,2,8,2023,21
2023-08,10,Bota Urban,bota,30,16,3,2,15,13,0,225,0,1,4,8,2023,25
2023-08,11,Deportiva Trail,deportiva,38,54,9,0,45,45,0,151,0,0,6,8,2023,0
2023-08,12,Mocasin Air,mocasin,71,23,10,1,14,13,0,178,1,0,2,8,2023,26
2023-08,13,Mocasin Trail,mocasin,83,57,8,2,51,49,0,240,0,0,5,8,2023,0
2023-08,14,Deportiva Clásica,deportiva,42,48,11,2,39,37,0,160,0,0,1,8,2023,0
2023-08,15,Zapatilla Trail,zapatilla,75,12,9,1,4,3,0,183,0,0,7,8,2023,36
2023-08,16,Zapatilla Clásica,zapatilla,86,44,7,2,39,37,0,261,1,0,7,8,2023,0
2023-08,17,Mocasin Trail,mocasin,59,49,13,2,38,36,0,269,0,0,1,8,2023,0
2023-08,18,Bota Verano,bota,88,17,12,2,7,5,0,279,1,0,1,8,2023,33
2023-08,19,Sandalia Invierno,sandalia,97,21,21,2,2,0,0,53,1,1,4,8,2023,38
2023-08,20,Bota Air,bota,62,10,10,1,1,0,0,149,0,0,6,8,2023,39
2023-08,21,Bota Dynamic,bota,38,45,8,0,37,37,0,231,0,0,2,8,2023,0
2023-08,22,Zapatilla Dynamic,zapatilla,85,13,9,1,5,4,0,247,0,0,5,8,2023,35
2023-08,23,Bota Urban,bota,52,28,28,0,0,0,2,69,0,1,3,8,2023,40
2023-08,24,Deportiva Verano,deportiva,79,10,10,0,0,0,5,130,0,0,3,8,2023,40
2023-08,25,Sandalia Urban,sandalia,73,31,6,0,25,25,0,222,0,0,6,8,2023,0
2023-08,26,Deportiva Trail,deportiva,34,22,14,2,10,8,0,127,1,0,4,8,2023,30
2023-08,27,Bota Dynamic,bota,62,45,25,1,21,20,0,52,0,1,3,8,2023,0
2023-08,28,Sandalia Urban,sandalia,99,11,11,2,2,0,0,83,1,0,7,8,2023,38
2023-08,29,Deportiva Air,deportiva,94,10,9,2,3,1,0,241,0,0,5,8,2023,37
2023-08,30,Mocasin Sport,mocasin,63,24,8,2,18,16,0,235,0,0,6,8,2023,22
2023-09,1,Zapatilla Soft,zapatilla,32,34,21,0,13,13,0,214,1,1,3,9,2023,27
2023-09,2,Zapatilla Air,zapatilla,98,58,12,1,47,46,0,237,1,0,2,9,2023,0
2023-09,3,Deportiva Urban,deportiva,64,18,17,2,3,1,0,108,0,0,4,9,2023,37
2023-09,4,Zapatilla Verano,zapatilla,32,51,22,1,30,29,0,85,0,0,6,9,2023,0
2023-09,5,Mocasin Soft,mocasin,79,28,11,1,18,17,0,61,1,1,5,9,2023,22
2023-09,6,Bota Urban,bota,88,19,10,1,10,9,0,246,0,1,3,9,2023,30
2023-09,7,Deportiva Retro,deportiva,98,22,10,2,14,12,0,278,0,0,3,9,2023,26
2023-09,8,Bota Clásica,bota,48,10,10,2,2,0,0,272,1,0,1,9,2023,38
2023-09,9,Deportiva Sport,deportiva,37,59,7,0,52,52,0,250,0,0,1,9,2023,0
2023-09,10,Bota Urban,bota,30,55,29,1,27,26,0,134,1,0,2,9,2023,0
2023-09,11,Deportiva Trail,deportiva,38,54,10,0,44,44,0,162,1,0,6,9,2023,0
2023-09,12,Mocasin Air,mocasin,71,27,20,0,7,7,0,277,0,0,2,9,2023,33
2023-09,13,Mocasin Trail,mocasin,83,18,17,0,1,1,0,209,1,0,3,9,2023,39
2023-09,14,Deportiva Clásica,deportiva,42,45,9,1,37,36,0,162,0,0,1,9,2023,0
2023-09,15,Zapatilla Trail,zapatilla,75,14,6,1,9,8,0,281,0,0,1,9,2023,31
2023-09,16,Zapatilla Clásica,zapatilla,86,22,16,1,7,6,0,57,0,0,5,9,2023,33
2023-09,17,Mocasin Trail,mocasin,59,30,12,0,18,18,0,228,1,0,5,9,2023,22
2023-09,18,Bota Verano,bota,88,31,11,0,20,20,0,266,0,0,7,9,2023,0
2023-09,19,Sandalia Invierno,sandalia,97,54,5,1,50,49,0,168,0,0,7,9,2023,0
2023-09,20,Bota Air,bota,62,53,5,0,48,48,0,227,0,1,5,9,2023,0
2023-09,21,Bota Dynamic,bota,38,16,16,2,2,0,0,210,1,0,2,9,2023,38
2023-09,22,Zapatilla Dynamic,zapatilla,85,36,16,0,20,20,0,233,1,0,7,9,2023,0
2023-09,23,Bota Urban,bota,52,52,15,2,39,37,0,299,0,0,1,9,2023,0
2023-09,24,Deportiva Verano,deportiva,79,16,12,2,6,4,0,206,1,0,7,9,2023,34
2023-09,25,Sandalia Urban,sandalia,73,34,21,0,13,13,0,265,0,1,5,9,2023,27
2023-09,26,Deportiva Trail,deportiva,34,59,15,2,46,44,0,140,1,0,7,9,2023,0
2023-09,27,Bota Dynamic,bota,62,56,24,0,32,32,0,58,1,1,5,9,2023,0
2023-09,28,Sandalia Urban,sandalia,99,56,18,0,38,38,0,223,1,1,5,9,2023,0
2023-09,29,Deportiva Air,deportiva,94,19,2,1,18,17,0,68,1,0,2,9,2023,22
2023-09,30,Mocasin Sport,mocasin,63,28,7,0,21,21,0,237,0,0,4,9,2023,0
2023-10,1,Zapatilla Soft,zapatilla,32,32,19,1,14,13,0,172,1,0,3,10,2023,26
2023-10,2,Zapatilla Air,zapatilla,98,59,6,2,55,53,0,205,0,0,6,10,2023,0
2023-10,3,Deportiva Urban,deportiva,64,12,12,1,1,0,0,118,1,0,4,10,2023,39
2023-10,4,Zapatilla Verano,zapatilla,32,53,24,2,31,29,0,154,0,0,4,10,2023,0
2023-10,5,Mocasin Soft,mocasin,79,49,10,0,39,39,0,271,1,0,3,10,2023,0
2023-10,6,Bota Urban,bota,88,46,7,1,40,39,0,115,1,0,5,10,2023,0
2023-10,7,Deportiva Retro,deportiva,98,50,16,2,36,34,0,227,0,1,3,10,2023,0
2023-10,8,Bota Clásica,bota,48,47,26,0,21,21,0,130,0,1,6,10,2023,0
2023-10,9,Deportiva Sport,deportiva,37,11,11,2,2,0,0,205,1,0,7,10,2023,38
2023-10,10,Bota Urban,bota,30,31,8,1,24,23,0,245,0,0,4,10,2023,0
2023-10,11,Deportiva Trail,deportiva,38,14,10,2,6,4,0,291,1,0,7,10,2023,34
2023-10,12,Mocasin Air,mocasin,71,28,28,1,1,0,0,126,1,1,1,10,2023,39
2023-10,13,Mocasin Trail,mocasin,83,25,16,0,9,9,0,246,1,0,7,10,2023,31
2023-10,14,Deportiva Clásica,deportiva,42,55,11,2,46,44,0,93,1,1,6,10,2023,0
2023-10,15,Zapatilla Trail,zapatilla,75,34,7,0,27,27,0,134,1,1,2,10,2023,0
2023-10,16,Zapatilla Clásica,zapatilla,86,58,11,1,48,47,0,143,0,0,2,10,2023,0
2023-10,17,Mocasin Trail,mocasin,59,11,7,1,5,4,0,90,0,0,5,10,2023,35
2023-10,18,Bota Verano,bota,88,15,2,0,13,13,0,267,0,0,5,10,2023,27
2023-10,19,Sandalia Invierno,sandalia,97,42,15,0,27,27,0,141,0,0,5,10,2023,0
2023-10,20,Bota Air,bota,62,10,4,1,7,6,0,284,1,0,7,10,2023,33
2023-10,21,Bota Dynamic,bota,38,29,24,2,7,5,0,80,1,0,5,10,2023,33
2023-10,22,Zapatilla Dynamic,zapatilla,85,20,18,0,2,2,0,192,0,0,2,10,2023,38
2023-10,23,Bota Urban,bota,52,34,11,1,24,23,0,248,0,0,2,10,2023,0
2023-10,24,Deportiva Verano,deportiva,79,24,6,0,18,18,0,173,0,0,1,10,2023,22
2023-10,25,Sandalia Urban,sandalia,73,50,11,1,40,39,0,61,0,0,4,10,2023,0
2023-10,26,Deportiva Trail,deportiva,34,19,9,1,11,10,0,300,0,0,6,10,2023,29
2023-10,27,Bota Dynamic,bota,62,43,9,1,35,34,0,192,0,0,5,10,2023,0
2023-10,28,Sandalia Urban,sandalia,99,10,10,2,2,0,0,291,1,1,6,10,2023,38
2023-10,29,Deportiva Air,deportiva,94,33,4,0,29,29,0,100,1,0,3,10,2023,0
2023-10,30,Mocasin Sport,mocasin,63,59,9,2,52,50,0,166,0,0,6,10,2023,0
2023-11,1,Zapatilla Soft,zapatilla,32,11,8,1,4,3,0,259,0,0,3,11,2023,36
2023-11,2,Zapatilla Air,zapatilla,98,31,21,0,10,10,0,122,0,0,5,11,2023,30
2023-11,3,Deportiva Urban,deportiva,64,57,2,0,55,55,0,61,0,1,3,11,2023,0
2023-11,4,Zapatilla Verano,zapatilla,32,19,4,0,15,15,0,150,1,0,1,11,2023,25
2023-11,5,Mocasin Soft,mocasin,79,11,11,2,2,0,0,297,1,1,4,11,2023,38
2023-11,6,Bota Urban,bota,88,43,16,1,28,27,0,269,1,0,4,11,2023,0
2023-11,7,Deportiva Retro,deportiva,98,60,6,1,55,54,0,113,1,0,7,11,2023,0
2023-11,8,Bota Clásica,bota,48,36,6,2,32,30,0,186,1,0,4,11,2023,0
2023-11,9,Deportiva Sport,deportiva,37,21,13,1,9,8,0,76,1,0,4,11,2023,31
2023-11,10,Bota Urban,bota,30,10,10,1,1,0,0,261,0,0,3,11,2023,39
2023-11,11,Deportiva Trail,deportiva,38,21,14,0,7,7,0,232,1,0,5,11,2023,33
2023-11,12,Mocasin Air,mocasin,71,59,6,1,54,53,0,74,1,0,5,11,2023,0
2023-11,13,Mocasin Trail,mocasin,83,23,19,1,5,4,0,170,0,0,1,11,2023,35
2023-11,14,Deportiva Clásica,deportiva,42,39,19,2,22,20,0,262,0,0,6,11,2023,0
2023-11,15,Zapatilla Trail,zapatilla,75,30,15,2,17,15,0,295,1,0,2,11,2023,23
2023-11,16,Zapatilla Clásica,zapatilla,86,49,9,1,41,40,0,298,1,0,4,11,2023,0
2023-11,17,Mocasin Trail,mocasin,59,36,8,1,29,28,0,63,1,0,4,11,2023,0
2023-11,18,Bota Verano,bota,88,24,19,1,6,5,0,204,0,0,4,11,2023,34
2023-11,19,Sandalia Invierno,sandalia,97,40,15,2,27,25,0,122,0,0,2,11,2023,0
2023-11,20,Bota Air,bota,62,41,12,0,29,29,0,266,0,0,1,11,2023,0
2023-11,21,Bota Dynamic,bota,38,24,11,1,14,13,0,204,1,0,4,11,2023,26
2023-11,22,Zapatilla Dynamic,zapatilla,85,58,10,1,49,48,0,70,1,0,2,11,2023,0
2023-11,23,Bota Urban,bota,52,56,4,2,54,52,0,75,1,1,6,11,2023,0
2023-11,24,Deportiva Verano,deportiva,79,58,15,1,44,43,0,153,0,1,5,11,2023,0
2023-11,25,Sandalia Urban,sandalia,73,17,10,1,8,7,0,143,0,0,7,11,2023,32
2023-11,26,Deportiva Trail,deportiva,34,14,8,0,6,6,0,68,0,1,6,11,2023,34
2023-11,27,Bota Dynamic,bota,62,38,5,1,34,33,0,85,1,0,1,11,2023,0
2023-11,28,Sandalia Urban,sandalia,99,57,6,2,53,51,0,54,0,0,5,11,2023,0
2023-11,29,Deportiva Air,deportiva,94,39,11,0,28,28,0,256,0,0,5,11,2023,0
2023-11,30,Mocasin Sport,mocasin,63,16,15,1,2,1,0,130,0,0,3,11,2023,38
2023-12,1,Zapatilla Soft,zapatilla,32,52,8,2,46,44,0,291,0,0,7,12,2023,0
2023-12,2,Zapatilla Air,zapatilla,98,47,17,0,30,30,0,208,1,0,1,12,2023,0
2023-12,3,Deportiva Urban,deportiva,64,37,15,2,24,22,0,64,1,1,7,12,2023,0
2023-12,4,Zapatilla Verano,zapatilla,32,19,5,0,14,14,0,145,1,0,1,12,2023,26
2023-12,5,Mocasin Soft,mocasin,79,44,11,2,35,33,0,258,1,0,7,12,2023,0
2023-12,6,Bota Urban,bota,88,41,18,0,23,23,0,138,1,0,6,12,2023,0
2023-12,7,Deportiva Retro,deportiva,98,48,9,2,41,39,0,219,1,0,4,12,2023,0
2023-12,8,Bota Clásica,bota,48,44,11,0,33,33,0,113,1,0,1,12,2023,0
2023-12,9,Deportiva Sport,deportiva,37,25,14,1,12,11,0,276,1,0,3,12,2023,28
2023-12,10,Bota Urban,bota,30,37,11,0,26,26,0,86,0,0,2,12,2023,0
2023-12,11,Deportiva Trail,deportiva,38,27,10,0,17,17,0,288,1,0,1,12,2023,23
2023-12,12,Mocasin Air,mocasin,71,40,19,0,21,21,0,269,1,0,6,12,2023,0
2023-12,13,Mocasin Trail,mocasin,83,22,18,0,4,4,0,188,0,1,3,12,2023,36
2023-12,14,Deportiva Clásica,deportiva,42,49,9,0,40,40,0,240,1,0,1,12,2023,0
2023-12,15,Zapatilla Trail,zapatilla,75,22,6,0,16,16,0,238,0,0,1,12,2023,24
2023-12,16,Zapatilla Clásica,zapatilla,86,12,12,0,0,0,3,65,1,0,4,12,2023,40
2023-12,17,Mocasin Trail,mocasin,59,11,11,2,2,0,0,252,1,0,1,12,2023,38
2023-12,18,Bota Verano,bota,88,46,12,2,36,34,0,299,1,0,6,12,2023,0
2023-12,19,Sandalia Invierno,sandalia,97,32,7,2,27,25,0,136,1,0,5,12,2023,0
2023-12,20,Bota Air,bota,62,14,14,2,2,0,0,90,1,0,4,12,2023,38
2023-12,21,Bota Dynamic,bota,38,60,15,1,46,45,0,175,0,0,1,12,2023,0
2023-12,22,Zapatilla Dynamic,zapatilla,85,28,16,1,13,12,0,132,1,0,2,12,2023,27
2023-12,23,Bota Urban,bota,52,54,12,1,43,42,0,114,0,0,6,12,2023,0
2023-12,24,Deportiva Verano,deportiva,79,40,9,0,31,31,0,265,1,0,1,12,2023,0
2023-12,25,Sandalia Urban,sandalia,73,30,15,2,17,15,0,63,1,0,7,12,2023,23
2023-12,26,Deportiva Trail,deportiva,34,43,6,2,39,37,0,145,1,0,7,12,2023,0
2023-12,27,Bota Dynamic,bota,62,16,13,0,3,3,0,111,0,0,2,12,2023,37
2023-12,28,Sandalia Urban,sandalia,99,27,25,1,3,2,0,244,1,0,7,12,2023,37
2023-12,29,Deportiva Air,deportiva,94,40,8,2,34,32,0,96,0,0,5,12,2023,0
2023-12,30,Mocasin Sport,mocasin,63,50,34,0,16,16,0,178,1,1,2,12,2023,24
